{"v":"5.8.1","fr":30,"ip":0,"op":61,"w":500,"h":500,"nm":"Coupon 3","ddd":0,"assets":[],"layers":[{"ddd":0,"ind":1,"ty":4,"nm":"Coupon","sr":1,"ks":{"o":{"a":0,"k":100,"ix":11},"r":{"k":[{"s":[30],"t":9,"i":{"x":[1],"y":[1]},"o":{"x":[0],"y":[0]}},{"s":[0],"t":12,"i":{"x":[1],"y":[1]},"o":{"x":[0],"y":[0]}},{"s":[-3.385],"t":13,"i":{"x":[1],"y":[1]},"o":{"x":[0],"y":[0]}},{"s":[-5.328],"t":14,"i":{"x":[1],"y":[1]},"o":{"x":[0],"y":[0]}},{"s":[-6.118],"t":15,"i":{"x":[1],"y":[1]},"o":{"x":[0],"y":[0]}},{"s":[-6.058],"t":16,"i":{"x":[1],"y":[1]},"o":{"x":[0],"y":[0]}},{"s":[-5.434],"t":17,"i":{"x":[1],"y":[1]},"o":{"x":[0],"y":[0]}},{"s":[-4.493],"t":18,"i":{"x":[1],"y":[1]},"o":{"x":[0],"y":[0]}},{"s":[-3.43],"t":19,"i":{"x":[1],"y":[1]},"o":{"x":[0],"y":[0]}},{"s":[-2.386],"t":20,"i":{"x":[1],"y":[1]},"o":{"x":[0],"y":[0]}},{"s":[-1.457],"t":21,"i":{"x":[1],"y":[1]},"o":{"x":[0],"y":[0]}},{"s":[-0.694],"t":22,"i":{"x":[1],"y":[1]},"o":{"x":[0],"y":[0]}},{"s":[-0.116],"t":23,"i":{"x":[1],"y":[1]},"o":{"x":[0],"y":[0]}},{"s":[0.283],"t":24,"i":{"x":[1],"y":[1]},"o":{"x":[0],"y":[0]}},{"s":[0.523],"t":25,"i":{"x":[1],"y":[1]},"o":{"x":[0],"y":[0]}},{"s":[0.634],"t":26,"i":{"x":[1],"y":[1]},"o":{"x":[0],"y":[0]}},{"s":[0.647],"t":27,"i":{"x":[1],"y":[1]},"o":{"x":[0],"y":[0]}},{"s":[0.593],"t":28,"i":{"x":[1],"y":[1]},"o":{"x":[0],"y":[0]}},{"s":[0.5],"t":29,"i":{"x":[1],"y":[1]},"o":{"x":[0],"y":[0]}},{"s":[0.39],"t":30,"i":{"x":[1],"y":[1]},"o":{"x":[0],"y":[0]}},{"s":[0.278],"t":31,"i":{"x":[1],"y":[1]},"o":{"x":[0],"y":[0]}},{"s":[0.177],"t":32,"i":{"x":[1],"y":[1]},"o":{"x":[0],"y":[0]}},{"s":[0.091],"t":33,"i":{"x":[1],"y":[1]},"o":{"x":[0],"y":[0]}},{"s":[0.026],"t":34,"i":{"x":[1],"y":[1]},"o":{"x":[0],"y":[0]}},{"s":[-0.021],"t":35,"i":{"x":[1],"y":[1]},"o":{"x":[0],"y":[0]}},{"s":[-0.05],"t":36,"i":{"x":[1],"y":[1]},"o":{"x":[0],"y":[0]}},{"s":[-0.065],"t":37,"i":{"x":[1],"y":[1]},"o":{"x":[0],"y":[0]}},{"s":[-0.069],"t":38,"i":{"x":[1],"y":[1]},"o":{"x":[0],"y":[0]}},{"s":[-0.064],"t":39,"i":{"x":[1],"y":[1]},"o":{"x":[0],"y":[0]}},{"s":[-0.055],"t":40,"i":{"x":[1],"y":[1]},"o":{"x":[0],"y":[0]}},{"s":[-0.044],"t":41,"i":{"x":[1],"y":[1]},"o":{"x":[0],"y":[0]}},{"s":[-0.032],"t":42,"i":{"x":[1],"y":[1]},"o":{"x":[0],"y":[0]}},{"s":[-0.021],"t":43,"i":{"x":[1],"y":[1]},"o":{"x":[0],"y":[0]}},{"s":[-0.012],"t":44,"i":{"x":[1],"y":[1]},"o":{"x":[0],"y":[0]}},{"s":[-0.004],"t":45,"i":{"x":[1],"y":[1]},"o":{"x":[0],"y":[0]}},{"s":[0.001],"t":46,"i":{"x":[1],"y":[1]},"o":{"x":[0],"y":[0]}},{"s":[0.005],"t":47,"i":{"x":[1],"y":[1]},"o":{"x":[0],"y":[0]}},{"s":[0.007],"t":48,"i":{"x":[1],"y":[1]},"o":{"x":[0],"y":[0]}},{"s":[0.007],"t":49,"i":{"x":[1],"y":[1]},"o":{"x":[0],"y":[0]}},{"s":[0.007],"t":50,"i":{"x":[1],"y":[1]},"o":{"x":[0],"y":[0]}},{"s":[0.006],"t":51,"i":{"x":[1],"y":[1]},"o":{"x":[0],"y":[0]}},{"s":[0.005],"t":52,"i":{"x":[1],"y":[1]},"o":{"x":[0],"y":[0]}},{"s":[0.004],"t":53,"i":{"x":[1],"y":[1]},"o":{"x":[0],"y":[0]}},{"s":[0.003],"t":54,"i":{"x":[1],"y":[1]},"o":{"x":[0],"y":[0]}},{"s":[0.001],"t":55,"i":{"x":[1],"y":[1]},"o":{"x":[0],"y":[0]}},{"s":[0.001],"t":56,"i":{"x":[1],"y":[1]},"o":{"x":[0],"y":[0]}},{"s":[0],"t":57,"i":{"x":[1],"y":[1]},"o":{"x":[0],"y":[0]}},{"s":[0],"t":58,"i":{"x":[1],"y":[1]},"o":{"x":[0],"y":[0]}},{"s":[-0.001],"t":59,"i":{"x":[1],"y":[1]},"o":{"x":[0],"y":[0]}}]},"p":{"a":0,"k":[250,306.278,0],"ix":2,"l":2},"a":{"a":0,"k":[250,306.278,0],"ix":1,"l":2},"s":{"k":[{"s":[0,0,100],"t":8,"i":{"x":[1,1,1],"y":[1,1,1]},"o":{"x":[0,0,0],"y":[0,0,0]}},{"s":[100,100,100],"t":10,"i":{"x":[1,1,1],"y":[1,1,1]},"o":{"x":[0,0,0],"y":[0,0,0]}},{"s":[116.925,116.925,100],"t":11,"i":{"x":[1,1,1],"y":[1,1,1]},"o":{"x":[0,0,0],"y":[0,0,0]}},{"s":[126.641,126.641,100],"t":12,"i":{"x":[1,1,1],"y":[1,1,1]},"o":{"x":[0,0,0],"y":[0,0,0]}},{"s":[130.588,130.588,100],"t":13,"i":{"x":[1,1,1],"y":[1,1,1]},"o":{"x":[0,0,0],"y":[0,0,0]}},{"s":[130.289,130.289,100],"t":14,"i":{"x":[1,1,1],"y":[1,1,1]},"o":{"x":[0,0,0],"y":[0,0,0]}},{"s":[127.172,127.172,100],"t":15,"i":{"x":[1,1,1],"y":[1,1,1]},"o":{"x":[0,0,0],"y":[0,0,0]}},{"s":[122.466,122.466,100],"t":16,"i":{"x":[1,1,1],"y":[1,1,1]},"o":{"x":[0,0,0],"y":[0,0,0]}},{"s":[117.148,117.148,100],"t":17,"i":{"x":[1,1,1],"y":[1,1,1]},"o":{"x":[0,0,0],"y":[0,0,0]}},{"s":[111.932,111.932,100],"t":18,"i":{"x":[1,1,1],"y":[1,1,1]},"o":{"x":[0,0,0],"y":[0,0,0]}},{"s":[107.287,107.287,100],"t":19,"i":{"x":[1,1,1],"y":[1,1,1]},"o":{"x":[0,0,0],"y":[0,0,0]}},{"s":[103.472,103.472,100],"t":20,"i":{"x":[1,1,1],"y":[1,1,1]},"o":{"x":[0,0,0],"y":[0,0,0]}},{"s":[100.58,100.58,100],"t":21,"i":{"x":[1,1,1],"y":[1,1,1]},"o":{"x":[0,0,0],"y":[0,0,0]}},{"s":[98.585,98.585,100],"t":22,"i":{"x":[1,1,1],"y":[1,1,1]},"o":{"x":[0,0,0],"y":[0,0,0]}},{"s":[97.385,97.385,100],"t":23,"i":{"x":[1,1,1],"y":[1,1,1]},"o":{"x":[0,0,0],"y":[0,0,0]}},{"s":[96.832,96.832,100],"t":24,"i":{"x":[1,1,1],"y":[1,1,1]},"o":{"x":[0,0,0],"y":[0,0,0]}},{"s":[96.766,96.766,100],"t":25,"i":{"x":[1,1,1],"y":[1,1,1]},"o":{"x":[0,0,0],"y":[0,0,0]}},{"s":[97.034,97.034,100],"t":26,"i":{"x":[1,1,1],"y":[1,1,1]},"o":{"x":[0,0,0],"y":[0,0,0]}},{"s":[97.499,97.499,100],"t":27,"i":{"x":[1,1,1],"y":[1,1,1]},"o":{"x":[0,0,0],"y":[0,0,0]}},{"s":[98.051,98.051,100],"t":28,"i":{"x":[1,1,1],"y":[1,1,1]},"o":{"x":[0,0,0],"y":[0,0,0]}},{"s":[98.609,98.609,100],"t":29,"i":{"x":[1,1,1],"y":[1,1,1]},"o":{"x":[0,0,0],"y":[0,0,0]}},{"s":[99.117,99.117,100],"t":30,"i":{"x":[1,1,1],"y":[1,1,1]},"o":{"x":[0,0,0],"y":[0,0,0]}},{"s":[99.543,99.543,100],"t":31,"i":{"x":[1,1,1],"y":[1,1,1]},"o":{"x":[0,0,0],"y":[0,0,0]}},{"s":[99.872,99.872,100],"t":32,"i":{"x":[1,1,1],"y":[1,1,1]},"o":{"x":[0,0,0],"y":[0,0,0]}},{"s":[100.105,100.105,100],"t":33,"i":{"x":[1,1,1],"y":[1,1,1]},"o":{"x":[0,0,0],"y":[0,0,0]}},{"s":[100.251,100.251,100],"t":34,"i":{"x":[1,1,1],"y":[1,1,1]},"o":{"x":[0,0,0],"y":[0,0,0]}},{"s":[100.161,100.161,100],"t":40,"i":{"x":[1,1,1],"y":[1,1,1]},"o":{"x":[0,0,0],"y":[0,0,0]}},{"s":[100.106,100.106,100],"t":41,"i":{"x":[1,1,1],"y":[1,1,1]},"o":{"x":[0,0,0],"y":[0,0,0]}},{"s":[100.021,100.021,100],"t":43,"i":{"x":[1,1,1],"y":[1,1,1]},"o":{"x":[0,0,0],"y":[0,0,0]}}],"l":2}},"ao":0,"ef":[{"ty":5,"nm":"Elastic Controller","np":5,"mn":"Pseudo/MDS Elastic Controller","ix":1,"en":1,"ef":[{"ty":0,"nm":"Amplitude","mn":"Pseudo/MDS Elastic Controller-0001","ix":1,"v":{"a":0,"k":10,"ix":1}},{"ty":0,"nm":"Frequency","mn":"Pseudo/MDS Elastic Controller-0002","ix":2,"v":{"a":0,"k":40,"ix":2}},{"ty":0,"nm":"Decay","mn":"Pseudo/MDS Elastic Controller-0003","ix":3,"v":{"a":0,"k":60,"ix":3}}]}],"shapes":[{"ty":"gr","it":[{"ind":0,"ty":"sh","ix":1,"ks":{"a":0,"k":{"i":[[24.011,35.865],[8.324,29.415],[-16.973,40.852999999999994],[-22.297,19.186],[-40.994,-1.3390000000000004],[-22.034,-13.098000000000003],[-8.290000000000001,-37.221000000000004],[8.752,-22.822000000000003],[35.942,-17.207],[27.514000000000003,3.452],[30.576,31.046000000000003]],"o":[[17.445999999999998,40.684000000000005],[-7.962000000000001,29.491999999999997],[-30.197000000000003,31.345],[-27.407,3.721000000000001],[-36.038,-16.853],[-8.904,-22.736],[7.996,-37.298],[21.976,-13.314000000000002],[41.051,-1.742],[22.558,18.966],[24.011,35.865]],"v":[[24.011,35.865],[0.181,29.455],[-23.585,36.099],[-24.852,11.454],[-38.516,-9.096],[-15.469,-17.917],[-0.147,-37.261],[15.364,-18.068],[38.497,-9.474],[25.036,11.209],[24.011,35.865]],"c":true},"ix":2},"nm":"Path 1","mn":"ADBE Vector Shape - Group","hd":false,"_render":true},{"ty":"fl","c":{"a":0,"k":[1,0.9725,0.9451,1],"ix":4},"o":{"a":0,"k":100,"ix":5},"r":1,"bm":0,"nm":"Fill 1","mn":"ADBE Vector Graphic - Fill","hd":false,"_render":true},{"ty":"tr","p":{"a":0,"k":[241.039,303.924],"ix":2},"a":{"a":0,"k":[0,0],"ix":1},"s":{"a":0,"k":[100,100],"ix":3},"r":{"a":0,"k":0,"ix":6},"o":{"a":0,"k":100,"ix":7},"sk":{"a":0,"k":0,"ix":4},"sa":{"a":0,"k":0,"ix":5},"nm":"Transform","_render":true}],"nm":"Star","np":2,"cix":2,"bm":0,"ix":1,"mn":"ADBE Vector Group","hd":false,"_render":true},{"ty":"gr","it":[{"ind":0,"ty":"sh","ix":1,"ks":{"a":0,"k":{"i":[[6.669,67.961],[-7.2379999999999995,73.362],[-7.241,88.722],[7.241,88.722],[7.241,80.029]],"o":[[-6.665,67.96],[-7.241,80.029],[-7.241,88.722],[7.241,88.722],[7.2379999999999995,73.362]],"v":[[0.002,67.958],[-7.241,80.029],[-7.241,88.722],[7.241,88.722],[7.241,80.029]],"c":true},"ix":2},"nm":"Path 1","mn":"ADBE Vector Shape - Group","hd":false,"_render":true},{"ind":1,"ty":"sh","ix":2,"ks":{"a":0,"k":{"i":[[6.669,11.38],[-7.2379999999999995,16.786],[-7.241,33.123],[-6.665,45.195],[7.2379999999999995,39.79],[7.241,23.453]],"o":[[-6.665,11.38],[-7.241,23.453],[-7.2379999999999995,39.79],[6.669,45.196],[7.241,33.123],[7.2379999999999995,16.786]],"v":[[0.002,11.377],[-7.241,23.453],[-7.241,33.123],[0.002,45.198],[7.241,33.123],[7.241,23.453]],"c":true},"ix":2},"nm":"Path 2","mn":"ADBE Vector Shape - Group","hd":false,"_render":true},{"ind":2,"ty":"sh","ix":3,"ks":{"a":0,"k":{"i":[[6.669,-45.195],[-7.2379999999999995,-39.79],[-7.241,-23.453],[-6.665,-11.381],[7.2379999999999995,-16.786],[7.241,-33.123]],"o":[[-6.665,-45.195],[-7.241,-33.123],[-7.2379999999999995,-16.786],[6.669,-11.381],[7.241,-23.453],[7.2379999999999995,-39.79]],"v":[[0.002,-45.198],[-7.241,-33.123],[-7.241,-23.453],[0.002,-11.378],[7.241,-23.453],[7.241,-33.123]],"c":true},"ix":2},"nm":"Path 3","mn":"ADBE Vector Shape - Group","hd":false,"_render":true},{"ind":3,"ty":"sh","ix":4,"ks":{"a":0,"k":{"i":[[-7.241,-88.722],[-7.241,-80.029],[-6.665,-67.961],[7.2379999999999995,-73.362],[7.241,-88.722]],"o":[[-7.241,-88.722],[-7.2379999999999995,-73.362],[6.669,-67.961],[7.241,-80.029],[7.241,-88.722]],"v":[[-7.241,-88.722],[-7.241,-80.029],[0.002,-67.958],[7.241,-80.029],[7.241,-88.722]],"c":true},"ix":2},"nm":"Path 4","mn":"ADBE Vector Shape - Group","hd":false,"_render":true},{"ty":"fl","c":{"a":0,"k":[1,0.9725,0.9451,1],"ix":4},"o":{"a":0,"k":100,"ix":5},"r":1,"bm":0,"nm":"Fill 1","mn":"ADBE Vector Graphic - Fill","hd":false,"_render":true},{"ty":"tr","p":{"a":0,"k":[322.528,306.278],"ix":2},"a":{"a":0,"k":[0,0],"ix":1},"s":{"a":0,"k":[100,100],"ix":3},"r":{"a":0,"k":0,"ix":6},"o":{"a":0,"k":100,"ix":7},"sk":{"a":0,"k":0,"ix":4},"sa":{"a":0,"k":0,"ix":5},"nm":"Transform","_render":true}],"nm":"Dash","np":5,"cix":2,"bm":0,"ix":2,"mn":"ADBE Vector Group","hd":false,"_render":true},{"ty":"gr","it":[{"ind":0,"ty":"sh","ix":1,"ks":{"a":0,"k":{"i":[[-87.06500000000001,60.838],[73.68,60.838],[97.841,50.062],[97.841,-36.677],[87.06500000000001,-60.838],[-73.68,-60.838],[-97.841,-50.062],[-97.841,36.677]],"o":[[-73.68,60.838],[87.06500000000001,60.838],[97.841,36.677],[97.841,-50.062],[73.68,-60.838],[-87.06500000000001,-60.838],[-97.841,-36.677],[-97.841,50.062]],"v":[[-73.68,60.838],[73.68,60.838],[97.841,36.677],[97.841,-36.677],[73.68,-60.838],[-73.68,-60.838],[-97.841,-36.677],[-97.841,36.677]],"c":true},"ix":2},"nm":"Path 1","mn":"ADBE Vector Shape - Group","hd":false,"_render":true},{"ty":"fl","c":{"a":0,"k":[1,0.5,0,1],"ix":4},"o":{"a":0,"k":100,"ix":5},"r":1,"bm":0,"nm":"Fill 1","mn":"ADBE Vector Graphic - Fill","hd":false,"_render":true},{"ty":"tr","p":{"a":0,"k":[250,305.851],"ix":2},"a":{"a":0,"k":[0,0],"ix":1},"s":{"a":0,"k":[100,100],"ix":3},"r":{"a":0,"k":0,"ix":6},"o":{"a":0,"k":100,"ix":7},"sk":{"a":0,"k":0,"ix":4},"sa":{"a":0,"k":0,"ix":5},"nm":"Transform","_render":true}],"nm":"Pink Shape","np":2,"cix":2,"bm":0,"ix":3,"mn":"ADBE Vector Group","hd":false,"_render":true},{"ty":"gr","it":[{"ind":0,"ty":"sh","ix":1,"ks":{"a":0,"k":{"i":[[-120.849,-88.722],[-145.01,-77.94500000000001],[-145.01,-43.561],[-137.005,-30.026],[-121.501,-21.498],[-112.512,5.929],[-126.804,26.097],[-145.01,33.164],[-145.01,64.56],[-134.234,88.722],[120.849,88.722],[145.01,77.94500000000001],[145.01,44.929],[137.006,30.099],[121.525,21.541],[112.512,-5.929],[126.729,-26.031],[145.01,-32.251],[145.01,-64.56],[134.234,-88.722]],"o":[[-134.234,-88.722],[-145.01,-64.56],[-145.01,-32.251],[-126.729,-26.031],[-112.512,-5.929],[-121.525,21.541],[-137.006,30.099],[-145.01,44.929],[-145.01,77.94500000000001],[-120.849,88.722],[134.234,88.722],[145.01,64.56],[145.01,33.164],[126.804,26.098000000000003],[112.512,5.929],[121.501,-21.498],[137.005,-30.026],[145.01,-43.561],[145.01,-77.94500000000001],[120.849,-88.722]],"v":[[-120.849,-88.722],[-145.01,-64.56],[-145.01,-43.561],[-132.844,-28.63],[-118.069,-15.554],[-118.069,15.554],[-132.976,28.687],[-145.01,44.929],[-145.01,64.56],[-120.849,88.722],[120.849,88.722],[145.01,64.56],[145.01,44.929],[132.976,28.687],[118.069,15.554],[118.069,-15.554],[132.844,-28.63],[145.01,-43.561],[145.01,-64.56],[120.849,-88.722]],"c":true},"ix":2},"nm":"Path 1","mn":"ADBE Vector Shape - Group","hd":false,"_render":true},{"ty":"fl","c":{"a":0,"k":[1,0.62,0.24,1],"ix":4},"o":{"a":0,"k":100,"ix":5},"r":1,"bm":0,"nm":"Fill 1","mn":"ADBE Vector Graphic - Fill","hd":false,"_render":true},{"ty":"tr","p":{"a":0,"k":[250,306.278],"ix":2},"a":{"a":0,"k":[0,0],"ix":1},"s":{"a":0,"k":[100,100],"ix":3},"r":{"a":0,"k":0,"ix":6},"o":{"a":0,"k":100,"ix":7},"sk":{"a":0,"k":0,"ix":4},"sa":{"a":0,"k":0,"ix":5},"nm":"Transform","_render":true}],"nm":"Yellow Shape","np":2,"cix":2,"bm":0,"ix":4,"mn":"ADBE Vector Group","hd":false,"_render":true}],"ip":0,"op":300,"st":0,"bm":0,"completed":true},{"ddd":0,"ind":2,"ty":4,"nm":"Coupon 3","parent":1,"sr":1,"ks":{"o":{"a":0,"k":100,"ix":11},"r":{"k":[{"s":[0],"t":9,"i":{"x":[1],"y":[1]},"o":{"x":[0],"y":[0]}},{"s":[-45],"t":13,"i":{"x":[1],"y":[1]},"o":{"x":[0],"y":[0]}},{"s":[-52.616],"t":14,"i":{"x":[1],"y":[1]},"o":{"x":[0],"y":[0]}},{"s":[-56.989],"t":15,"i":{"x":[1],"y":[1]},"o":{"x":[0],"y":[0]}},{"s":[-58.765],"t":16,"i":{"x":[1],"y":[1]},"o":{"x":[0],"y":[0]}},{"s":[-58.63],"t":17,"i":{"x":[1],"y":[1]},"o":{"x":[0],"y":[0]}},{"s":[-57.227],"t":18,"i":{"x":[1],"y":[1]},"o":{"x":[0],"y":[0]}},{"s":[-55.11],"t":19,"i":{"x":[1],"y":[1]},"o":{"x":[0],"y":[0]}},{"s":[-52.717],"t":20,"i":{"x":[1],"y":[1]},"o":{"x":[0],"y":[0]}},{"s":[-50.37],"t":21,"i":{"x":[1],"y":[1]},"o":{"x":[0],"y":[0]}},{"s":[-48.279],"t":22,"i":{"x":[1],"y":[1]},"o":{"x":[0],"y":[0]}},{"s":[-46.562],"t":23,"i":{"x":[1],"y":[1]},"o":{"x":[0],"y":[0]}},{"s":[-45.261],"t":24,"i":{"x":[1],"y":[1]},"o":{"x":[0],"y":[0]}},{"s":[-44.363],"t":25,"i":{"x":[1],"y":[1]},"o":{"x":[0],"y":[0]}},{"s":[-43.823],"t":26,"i":{"x":[1],"y":[1]},"o":{"x":[0],"y":[0]}},{"s":[-43.574],"t":27,"i":{"x":[1],"y":[1]},"o":{"x":[0],"y":[0]}},{"s":[-43.545],"t":28,"i":{"x":[1],"y":[1]},"o":{"x":[0],"y":[0]}},{"s":[-43.665],"t":29,"i":{"x":[1],"y":[1]},"o":{"x":[0],"y":[0]}},{"s":[-43.874],"t":30,"i":{"x":[1],"y":[1]},"o":{"x":[0],"y":[0]}},{"s":[-44.123],"t":31,"i":{"x":[1],"y":[1]},"o":{"x":[0],"y":[0]}},{"s":[-44.374],"t":32,"i":{"x":[1],"y":[1]},"o":{"x":[0],"y":[0]}},{"s":[-44.603],"t":33,"i":{"x":[1],"y":[1]},"o":{"x":[0],"y":[0]}},{"s":[-44.794],"t":34,"i":{"x":[1],"y":[1]},"o":{"x":[0],"y":[0]}},{"s":[-44.942],"t":35,"i":{"x":[1],"y":[1]},"o":{"x":[0],"y":[0]}},{"s":[-45.047],"t":36,"i":{"x":[1],"y":[1]},"o":{"x":[0],"y":[0]}},{"s":[-45.113],"t":37,"i":{"x":[1],"y":[1]},"o":{"x":[0],"y":[0]}},{"s":[-45.072],"t":43,"i":{"x":[1],"y":[1]},"o":{"x":[0],"y":[0]}},{"s":[-45.048],"t":44,"i":{"x":[1],"y":[1]},"o":{"x":[0],"y":[0]}},{"s":[-45.01],"t":46,"i":{"x":[1],"y":[1]},"o":{"x":[0],"y":[0]}}]},"p":{"a":0,"k":[122.087,219.129,0],"ix":2,"l":2},"a":{"a":0,"k":[216.288,217.499,0],"ix":1,"l":2},"s":{"k":[{"s":[100,100,100],"t":3,"i":{"x":[1,1,1],"y":[1,1,1]},"o":{"x":[0,0,0],"y":[0,0,0]}},{"s":[100,100,100],"t":60,"i":{"x":[1,1,1],"y":[1,1,1]},"o":{"x":[0,0,0],"y":[0,0,0]}}],"l":2}},"ao":0,"hasMask":true,"masksProperties":[{"inv":false,"mode":"a","pt":{"a":0,"k":{"i":[[420.261,168.305],[206.944,171.134],[257.127,417.806],[420.261,417.287]],"o":[[420.261,168.305],[206.944,171.134],[257.127,417.806],[420.261,417.287]],"v":[[420.261,168.305],[206.944,171.134],[257.127,417.806],[420.261,417.287]],"c":true},"ix":1},"o":{"a":0,"k":100,"ix":3},"x":{"a":0,"k":0,"ix":4},"nm":"Mask 1"}],"ef":[{"ty":5,"nm":"Elastic Controller","np":5,"mn":"Pseudo/MDS Elastic Controller","ix":1,"en":1,"ef":[{"ty":0,"nm":"Amplitude","mn":"Pseudo/MDS Elastic Controller-0001","ix":1,"v":{"a":0,"k":20,"ix":1}},{"ty":0,"nm":"Frequency","mn":"Pseudo/MDS Elastic Controller-0002","ix":2,"v":{"a":0,"k":40,"ix":2}},{"ty":0,"nm":"Decay","mn":"Pseudo/MDS Elastic Controller-0003","ix":3,"v":{"a":0,"k":60,"ix":3}}]}],"shapes":[{"ty":"gr","it":[{"ind":0,"ty":"sh","ix":1,"ks":{"a":0,"k":{"i":[[24.011,35.865],[8.324,29.415],[-16.973,40.852999999999994],[-22.297,19.186],[-40.994,-1.3390000000000004],[-22.034,-13.098000000000003],[-8.290000000000001,-37.221000000000004],[8.752,-22.822000000000003],[35.942,-17.207],[27.514000000000003,3.452],[30.576,31.046000000000003]],"o":[[17.445999999999998,40.684000000000005],[-7.962000000000001,29.491999999999997],[-30.197000000000003,31.345],[-27.407,3.721000000000001],[-36.038,-16.853],[-8.904,-22.736],[7.996,-37.298],[21.976,-13.314000000000002],[41.051,-1.742],[22.558,18.966],[24.011,35.865]],"v":[[24.011,35.865],[0.181,29.455],[-23.585,36.099],[-24.852,11.454],[-38.516,-9.096],[-15.469,-17.917],[-0.147,-37.261],[15.364,-18.068],[38.497,-9.474],[25.036,11.209],[24.011,35.865]],"c":true},"ix":2},"nm":"Path 1","mn":"ADBE Vector Shape - Group","hd":false},{"ty":"fl","c":{"a":0,"k":[1,0.9725,0.9451,1],"ix":4},"o":{"a":0,"k":100,"ix":5},"r":1,"bm":0,"nm":"Fill 1","mn":"ADBE Vector Graphic - Fill","hd":false},{"ty":"tr","p":{"a":0,"k":[241.039,303.924],"ix":2},"a":{"a":0,"k":[0,0],"ix":1},"s":{"a":0,"k":[100,100],"ix":3},"r":{"a":0,"k":0,"ix":6},"o":{"a":0,"k":100,"ix":7},"sk":{"a":0,"k":0,"ix":4},"sa":{"a":0,"k":0,"ix":5},"nm":"Transform"}],"nm":"Star","np":2,"cix":2,"bm":0,"ix":1,"mn":"ADBE Vector Group","hd":false},{"ty":"gr","it":[{"ind":0,"ty":"sh","ix":1,"ks":{"a":0,"k":{"i":[[-87.06500000000001,60.838],[73.68,60.838],[97.841,50.062],[97.841,-36.677],[87.06500000000001,-60.838],[-73.68,-60.838],[-97.841,-50.062],[-97.841,36.677]],"o":[[-73.68,60.838],[87.06500000000001,60.838],[97.841,36.677],[97.841,-50.062],[73.68,-60.838],[-87.06500000000001,-60.838],[-97.841,-36.677],[-97.841,50.062]],"v":[[-73.68,60.838],[73.68,60.838],[97.841,36.677],[97.841,-36.677],[73.68,-60.838],[-73.68,-60.838],[-97.841,-36.677],[-97.841,36.677]],"c":true},"ix":2},"nm":"Path 1","mn":"ADBE Vector Shape - Group","hd":false},{"ty":"fl","c":{"a":0,"k":[1,0.5,0,1],"ix":4},"o":{"a":0,"k":100,"ix":5},"r":1,"bm":0,"nm":"Fill 1","mn":"ADBE Vector Graphic - Fill","hd":false},{"ty":"tr","p":{"a":0,"k":[250,305.851],"ix":2},"a":{"a":0,"k":[0,0],"ix":1},"s":{"a":0,"k":[100,100],"ix":3},"r":{"a":0,"k":0,"ix":6},"o":{"a":0,"k":100,"ix":7},"sk":{"a":0,"k":0,"ix":4},"sa":{"a":0,"k":0,"ix":5},"nm":"Transform"}],"nm":"Pink Shape","np":2,"cix":2,"bm":0,"ix":3,"mn":"ADBE Vector Group","hd":false},{"ty":"gr","it":[{"ind":0,"ty":"sh","ix":1,"ks":{"a":0,"k":{"i":[[-120.849,-88.722],[-145.01,-77.94500000000001],[-145.01,-43.561],[-137.005,-30.026],[-121.501,-21.498],[-112.512,5.929],[-126.804,26.097],[-145.01,33.164],[-145.01,64.56],[-134.234,88.722],[120.849,88.722],[145.01,77.94500000000001],[145.01,44.929],[137.006,30.099],[121.525,21.541],[112.512,-5.929],[126.729,-26.031],[145.01,-32.251],[145.01,-64.56],[134.234,-88.722]],"o":[[-134.234,-88.722],[-145.01,-64.56],[-145.01,-32.251],[-126.729,-26.031],[-112.512,-5.929],[-121.525,21.541],[-137.006,30.099],[-145.01,44.929],[-145.01,77.94500000000001],[-120.849,88.722],[134.234,88.722],[145.01,64.56],[145.01,33.164],[126.804,26.098000000000003],[112.512,5.929],[121.501,-21.498],[137.005,-30.026],[145.01,-43.561],[145.01,-77.94500000000001],[120.849,-88.722]],"v":[[-120.849,-88.722],[-145.01,-64.56],[-145.01,-43.561],[-132.844,-28.63],[-118.069,-15.554],[-118.069,15.554],[-132.976,28.687],[-145.01,44.929],[-145.01,64.56],[-120.849,88.722],[120.849,88.722],[145.01,64.56],[145.01,44.929],[132.976,28.687],[118.069,15.554],[118.069,-15.554],[132.844,-28.63],[145.01,-43.561],[145.01,-64.56],[120.849,-88.722]],"c":true},"ix":2},"nm":"Path 1","mn":"ADBE Vector Shape - Group","hd":false},{"ty":"fl","c":{"a":0,"k":[1,0.64,0.28,1],"ix":4},"o":{"a":0,"k":100,"ix":5},"r":1,"bm":0,"nm":"Fill 1","mn":"ADBE Vector Graphic - Fill","hd":false},{"ty":"tr","p":{"a":0,"k":[250,306.278],"ix":2},"a":{"a":0,"k":[0,0],"ix":1},"s":{"a":0,"k":[100,100],"ix":3},"r":{"a":0,"k":0,"ix":6},"o":{"a":0,"k":100,"ix":7},"sk":{"a":0,"k":0,"ix":4},"sa":{"a":0,"k":0,"ix":5},"nm":"Transform"}],"nm":"Yellow Shape","np":2,"cix":2,"bm":0,"ix":4,"mn":"ADBE Vector Group","hd":false}],"ip":3,"op":303,"st":3,"bm":0,"completed":true}],"markers":[],"__complete":true}