{"v":"5.9.4","fr":30,"ip":0,"op":121,"w":500,"h":500,"nm":"Delete","ddd":0,"assets":[{"id":"comp_0","nm":"Image","fr":30,"layers":[{"ddd":0,"ind":1,"ty":4,"nm":"Bucket 2","td":1,"sr":1,"ks":{"o":{"a":0,"k":100,"ix":11},"r":{"a":0,"k":0,"ix":10},"p":{"k":[{"s":[250.056,448.295,0],"t":2,"i":{"x":1,"y":1},"o":{"x":0,"y":0}},{"s":[250.056,440.613,0],"t":3,"i":{"x":1,"y":1},"o":{"x":0,"y":0}},{"s":[250.056,423.047,0],"t":4,"i":{"x":1,"y":1},"o":{"x":0,"y":0}},{"s":[250.056,399.908,0],"t":5,"i":{"x":1,"y":1},"o":{"x":0,"y":0}},{"s":[250.056,373.684,0],"t":6,"i":{"x":1,"y":1},"o":{"x":0,"y":0}},{"s":[250.056,348.295,0],"t":7,"i":{"x":1,"y":1},"o":{"x":0,"y":0}},{"s":[250.056,333.08,0],"t":8,"i":{"x":1,"y":1},"o":{"x":0,"y":0}},{"s":[250.056,324.346,0],"t":9,"i":{"x":1,"y":1},"o":{"x":0,"y":0}},{"s":[250.056,320.797,0],"t":10,"i":{"x":1,"y":1},"o":{"x":0,"y":0}},{"s":[250.056,321.066,0],"t":11,"i":{"x":1,"y":1},"o":{"x":0,"y":0}},{"s":[250.056,323.869,0],"t":12,"i":{"x":1,"y":1},"o":{"x":0,"y":0}},{"s":[250.056,328.099,0],"t":13,"i":{"x":1,"y":1},"o":{"x":0,"y":0}},{"s":[250.056,332.879,0],"t":14,"i":{"x":1,"y":1},"o":{"x":0,"y":0}},{"s":[250.056,337.568,0],"t":15,"i":{"x":1,"y":1},"o":{"x":0,"y":0}},{"s":[250.056,341.744,0],"t":16,"i":{"x":1,"y":1},"o":{"x":0,"y":0}},{"s":[250.056,345.174,0],"t":17,"i":{"x":1,"y":1},"o":{"x":0,"y":0}},{"s":[250.056,347.774,0],"t":18,"i":{"x":1,"y":1},"o":{"x":0,"y":0}},{"s":[250.056,349.566,0],"t":19,"i":{"x":1,"y":1},"o":{"x":0,"y":0}},{"s":[250.056,350.646,0],"t":20,"i":{"x":1,"y":1},"o":{"x":0,"y":0}},{"s":[250.056,351.143,0],"t":21,"i":{"x":1,"y":1},"o":{"x":0,"y":0}},{"s":[250.056,350.961,0],"t":23,"i":{"x":1,"y":1},"o":{"x":0,"y":0}},{"s":[250.056,350.543,0],"t":24,"i":{"x":1,"y":1},"o":{"x":0,"y":0}},{"s":[250.056,350.047,0],"t":25,"i":{"x":1,"y":1},"o":{"x":0,"y":0}},{"s":[250.056,349.545,0],"t":26,"i":{"x":1,"y":1},"o":{"x":0,"y":0}},{"s":[250.056,349.088,0],"t":27,"i":{"x":1,"y":1},"o":{"x":0,"y":0}},{"s":[250.056,348.706,0],"t":28,"i":{"x":1,"y":1},"o":{"x":0,"y":0}},{"s":[250.056,348.41,0],"t":29,"i":{"x":1,"y":1},"o":{"x":0,"y":0}},{"s":[250.056,348.295,0],"t":30,"i":{"x":1,"y":1},"o":{"x":0,"y":0}},{"s":[250.056,349.205,0],"t":31,"i":{"x":1,"y":1},"o":{"x":0,"y":0}},{"s":[250.056,354.688,0],"t":32,"i":{"x":1,"y":1},"o":{"x":0,"y":0}},{"s":[250.056,360.775,0],"t":33,"i":{"x":1,"y":1},"o":{"x":0,"y":0}},{"s":[250.056,363.837,0],"t":34,"i":{"x":1,"y":1},"o":{"x":0,"y":0}},{"s":[250.056,365.635,0],"t":35,"i":{"x":1,"y":1},"o":{"x":0,"y":0}},{"s":[250.056,366.795,0],"t":36,"i":{"x":1,"y":1},"o":{"x":0,"y":0}},{"s":[250.056,367.536,0],"t":37,"i":{"x":1,"y":1},"o":{"x":0,"y":0}},{"s":[250.056,367.992,0],"t":38,"i":{"x":1,"y":1},"o":{"x":0,"y":0}},{"s":[250.056,368.052,0],"t":41,"i":{"x":1,"y":1},"o":{"x":0,"y":0}},{"s":[250.056,367.118,0],"t":42,"i":{"x":1,"y":1},"o":{"x":0,"y":0}},{"s":[250.056,365.004,0],"t":43,"i":{"x":1,"y":1},"o":{"x":0,"y":0}},{"s":[250.056,360.069,0],"t":44,"i":{"x":1,"y":1},"o":{"x":0,"y":0}},{"s":[250.056,348.295,0],"t":45,"i":{"x":1,"y":1},"o":{"x":0,"y":0}},{"s":[250.056,344.022,0],"t":46,"i":{"x":1,"y":1},"o":{"x":0,"y":0}},{"s":[250.056,341.569,0],"t":47,"i":{"x":1,"y":1},"o":{"x":0,"y":0}},{"s":[250.056,340.572,0],"t":48,"i":{"x":1,"y":1},"o":{"x":0,"y":0}},{"s":[250.056,340.648,0],"t":49,"i":{"x":1,"y":1},"o":{"x":0,"y":0}},{"s":[250.056,341.435,0],"t":50,"i":{"x":1,"y":1},"o":{"x":0,"y":0}},{"s":[250.056,342.623,0],"t":51,"i":{"x":1,"y":1},"o":{"x":0,"y":0}},{"s":[250.056,343.965,0],"t":52,"i":{"x":1,"y":1},"o":{"x":0,"y":0}},{"s":[250.056,345.282,0],"t":53,"i":{"x":1,"y":1},"o":{"x":0,"y":0}},{"s":[250.056,346.455,0],"t":54,"i":{"x":1,"y":1},"o":{"x":0,"y":0}},{"s":[250.056,347.418,0],"t":55,"i":{"x":1,"y":1},"o":{"x":0,"y":0}},{"s":[250.056,348.148,0],"t":56,"i":{"x":1,"y":1},"o":{"x":0,"y":0}},{"s":[250.056,348.652,0],"t":57,"i":{"x":1,"y":1},"o":{"x":0,"y":0}},{"s":[250.056,348.955,0],"t":58,"i":{"x":1,"y":1},"o":{"x":0,"y":0}},{"s":[250.056,348.646,0],"t":64,"i":{"x":1,"y":1},"o":{"x":0,"y":0}},{"s":[250.056,348.327,0],"t":67,"i":{"x":1,"y":1},"o":{"x":0,"y":0}}],"l":2},"a":{"a":0,"k":[250.056,348.295,0],"ix":1,"l":2},"s":{"a":0,"k":[100,100,100],"ix":6,"l":2}},"ao":0,"ef":[{"ty":5,"nm":"Elastic Controller","np":5,"mn":"Pseudo/MDS Elastic Controller","ix":1,"en":1,"ef":[{"ty":0,"nm":"Amplitude","mn":"Pseudo/MDS Elastic Controller-0001","ix":1,"v":{"a":0,"k":20,"ix":1}},{"ty":0,"nm":"Frequency","mn":"Pseudo/MDS Elastic Controller-0002","ix":2,"v":{"a":0,"k":40,"ix":2}},{"ty":0,"nm":"Decay","mn":"Pseudo/MDS Elastic Controller-0003","ix":3,"v":{"a":0,"k":60,"ix":3}}]}],"shapes":[{"ty":"gr","it":[{"ind":0,"ty":"sh","ix":1,"ks":{"a":0,"k":{"i":[[-5.551,6.815],[0,0],[10.707,0],[0,0],[0.923,10.667],[0,0],[-40.184,0.129]],"o":[[0,0],[-0.923,10.667],[0,0],[-10.707,0],[0,0],[2.189,5.565],[42.221,-0.135]],"v":[[81.995,-72.659],[70.399,61.333],[51.073,80.659],[-51.073,80.659],[-70.399,61.333],[-81.995,-72.659],[-3.526,-64.779]],"c":true},"ix":2},"nm":"Path 1","mn":"ADBE Vector Shape - Group","hd":false},{"ty":"gf","o":{"a":0,"k":100,"ix":10},"r":1,"bm":0,"g":{"p":3,"k":{"a":0,"k":[0,0.047,0.784,0.937,0.5,0.031,0.631,0.959,1,0.016,0.478,0.98],"ix":9}},"s":{"a":0,"k":[-0.056,-71.57],"ix":5},"e":{"a":0,"k":[-0.056,52.86],"ix":6},"t":1,"nm":"Gradient Fill 1","mn":"ADBE Vector Graphic - G-Fill","hd":false},{"ty":"tr","p":{"a":0,"k":[250.056,348.57],"ix":2},"a":{"a":0,"k":[0,0],"ix":1},"s":{"a":0,"k":[100,100],"ix":3},"r":{"a":0,"k":0,"ix":6},"o":{"a":0,"k":100,"ix":7},"sk":{"a":0,"k":0,"ix":4},"sa":{"a":0,"k":0,"ix":5},"nm":"Transform"}],"nm":"Bucket","np":2,"cix":2,"bm":0,"ix":2,"mn":"ADBE Vector Group","hd":false}],"ip":2,"op":302,"st":2,"ct":1,"bm":0},{"ddd":0,"ind":2,"ty":4,"nm":"Layer 1","tt":2,"sr":1,"ks":{"o":{"a":0,"k":100,"ix":11},"r":{"a":1,"k":[{"i":{"x":[0],"y":[0.538]},"o":{"x":[0.333],"y":[0]},"t":42,"s":[0]},{"i":{"x":[0.667],"y":[1]},"o":{"x":[1],"y":[0.467]},"t":52,"s":[180]},{"t":62,"s":[360]}],"ix":10},"p":{"a":1,"k":[{"i":{"x":0,"y":0.556},"o":{"x":0.333,"y":0},"t":42,"s":[476.636,219.801,0],"to":[-59.35,-37.707,0],"ti":[41.027,-18.791,0]},{"i":{"x":0.667,"y":1},"o":{"x":1,"y":0.418},"t":52,"s":[321.275,191.988,0],"to":[-41.119,18.834,0],"ti":[3.421,-73.333,0]},{"t":62,"s":[249.636,342.801,0]}],"ix":2,"l":2},"a":{"a":0,"k":[296.636,165.801,0],"ix":1,"l":2},"s":{"a":1,"k":[{"i":{"x":[0,0,0],"y":[0.495,0.495,1]},"o":{"x":[0.333,0.333,0.333],"y":[0,0,0]},"t":42,"s":[50,50,100]},{"i":{"x":[0.667,0.667,0.667],"y":[1,1,1]},"o":{"x":[1,1,1],"y":[0.168,0.168,0]},"t":52,"s":[75,75,100]},{"t":62,"s":[150,150,100]}],"ix":6,"l":2}},"ao":0,"shapes":[{"ty":"gr","it":[{"ind":0,"ty":"sh","ix":1,"ks":{"a":0,"k":{"i":[[0,0],[0,4.652],[-4.652,0],[0,-4.652],[0,0],[4.652,0]],"o":[[-4.652,0],[0,-4.652],[4.652,0],[0,0],[0,4.652],[0,0]],"v":[[0,8.424],[-8.424,0],[0,-8.424],[8.424,0],[8.424,0],[0,8.424]],"c":true},"ix":2},"nm":"Path 1","mn":"ADBE Vector Shape - Group","hd":false},{"ty":"gf","o":{"a":0,"k":100,"ix":10},"r":1,"bm":0,"g":{"p":3,"k":{"a":0,"k":[0,0.965,0.965,0,0.5,0.965,0.767,0.102,1,0.965,0.569,0.204],"ix":9}},"s":{"a":0,"k":[-0.538,-11.702],"ix":5},"e":{"a":0,"k":[-0.538,7.96],"ix":6},"t":1,"nm":"Gradient Fill 1","mn":"ADBE Vector Graphic - G-Fill","hd":false},{"ty":"tr","p":{"a":0,"k":[292.538,142.702],"ix":2},"a":{"a":0,"k":[0,0],"ix":1},"s":{"a":0,"k":[100,100],"ix":3},"r":{"a":0,"k":0,"ix":6},"o":{"a":0,"k":100,"ix":7},"sk":{"a":0,"k":0,"ix":4},"sa":{"a":0,"k":0,"ix":5},"nm":"Transform"}],"nm":"path33813","np":2,"cix":2,"bm":0,"ix":1,"mn":"ADBE Vector Group","hd":false},{"ty":"gr","it":[{"ind":0,"ty":"sh","ix":1,"ks":{"a":0,"k":{"i":[[1.874,0],[1.436,-1.436],[0,0],[0,0],[-4.061,0],[0,0],[0,4.061],[0,0],[0,0]],"o":[[-1.874,0],[0,0],[0,0],[0,4.061],[0,0],[4.061,0],[0,0],[0,0],[-1.436,-1.436]],"v":[[11.967,-25.911],[6.783,-23.757],[-34.025,17.05],[-34.025,18.58],[-26.694,25.911],[26.694,25.911],[34.025,18.58],[34.025,-6.883],[17.151,-23.757]],"c":true},"ix":2},"nm":"Path 1","mn":"ADBE Vector Shape - Group","hd":false},{"ty":"gf","o":{"a":0,"k":100,"ix":10},"r":1,"bm":0,"g":{"p":3,"k":{"a":0,"k":[0,0.051,0.741,0.31,0.5,0.269,0.822,0.39,1,0.486,0.902,0.471],"ix":9}},"s":{"a":0,"k":[-1.636,30.255],"ix":5},"e":{"a":0,"k":[3.726,-22.596],"ix":6},"t":1,"nm":"Gradient Fill 1","mn":"ADBE Vector Graphic - G-Fill","hd":false},{"ty":"tr","p":{"a":0,"k":[296.636,178.745],"ix":2},"a":{"a":0,"k":[0,0],"ix":1},"s":{"a":0,"k":[100,100],"ix":3},"r":{"a":0,"k":0,"ix":6},"o":{"a":0,"k":100,"ix":7},"sk":{"a":0,"k":0,"ix":4},"sa":{"a":0,"k":0,"ix":5},"nm":"Transform"}],"nm":"path23538","np":2,"cix":2,"bm":0,"ix":2,"mn":"ADBE Vector Group","hd":false},{"ty":"gr","it":[{"ind":0,"ty":"sh","ix":1,"ks":{"a":0,"k":{"i":[[1.91,-0.033],[1.436,-1.436],[0,0],[0,0],[-4.06,-0.119],[0,0],[0,0]],"o":[[-1.91,0.033],[0,0],[0,0],[0,4.061],[0,0],[0,0],[-1.291,-1.568]],"v":[[-13.534,-23.668],[-18.827,-21.416],[-28.661,-11.582],[-28.661,16.339],[-21.33,23.67],[28.661,23.67],[-8.459,-21.416]],"c":true},"ix":2},"nm":"Path 1","mn":"ADBE Vector Shape - Group","hd":false},{"ty":"gf","o":{"a":0,"k":100,"ix":10},"r":1,"bm":0,"g":{"p":3,"k":{"a":0,"k":[0,0.439,0.886,0.455,0.5,0.333,0.778,0.447,1,0.227,0.671,0.439],"ix":9}},"s":{"a":0,"k":[-8.272,-23.986],"ix":5},"e":{"a":0,"k":[-2.144,9.971],"ix":6},"t":1,"nm":"Gradient Fill 1","mn":"ADBE Vector Graphic - G-Fill","hd":false},{"ty":"tr","p":{"a":0,"k":[291.272,180.986],"ix":2},"a":{"a":0,"k":[0,0],"ix":1},"s":{"a":0,"k":[100,100],"ix":3},"r":{"a":0,"k":0,"ix":6},"o":{"a":0,"k":100,"ix":7},"sk":{"a":0,"k":0,"ix":4},"sa":{"a":0,"k":0,"ix":5},"nm":"Transform"}],"nm":"path23534","np":2,"cix":2,"bm":0,"ix":3,"mn":"ADBE Vector Group","hd":false},{"ty":"gr","it":[{"ind":0,"ty":"sh","ix":1,"ks":{"a":0,"k":{"i":[[-4.061,0],[0,0],[0,-4.061],[0,0],[4.061,0],[0,0],[0,4.061],[0,0]],"o":[[0,0],[4.061,0],[0,0],[0,4.061],[0,0],[-4.061,0],[0,0],[0,-4.061]],"v":[[-26.693,-38.854],[26.693,-38.854],[34.024,-31.523],[34.024,31.523],[26.693,38.854],[-26.693,38.854],[-34.024,31.523],[-34.024,-31.523]],"c":true},"ix":2},"nm":"Path 1","mn":"ADBE Vector Shape - Group","hd":false},{"ty":"gf","o":{"a":0,"k":100,"ix":10},"r":1,"bm":0,"g":{"p":3,"k":{"a":0,"k":[0,0,0.337,1,0.5,0.02,0.514,0.975,1,0.039,0.69,0.949],"ix":9}},"s":{"a":0,"k":[-0.636,15.199],"ix":5},"e":{"a":0,"k":[-0.636,-36.632],"ix":6},"t":1,"nm":"Gradient Fill 1","mn":"ADBE Vector Graphic - G-Fill","hd":false},{"ty":"tr","p":{"a":0,"k":[296.636,165.801],"ix":2},"a":{"a":0,"k":[0,0],"ix":1},"s":{"a":0,"k":[100,100],"ix":3},"r":{"a":0,"k":0,"ix":6},"o":{"a":0,"k":100,"ix":7},"sk":{"a":0,"k":0,"ix":4},"sa":{"a":0,"k":0,"ix":5},"nm":"Transform"}],"nm":"rect23510","np":2,"cix":2,"bm":0,"ix":4,"mn":"ADBE Vector Group","hd":false}],"ip":0,"op":302,"st":0,"ct":1,"bm":0}]}],"layers":[{"ddd":0,"ind":1,"ty":4,"nm":"Matte 3","td":1,"sr":1,"ks":{"o":{"a":0,"k":100,"ix":11},"r":{"a":0,"k":0,"ix":10},"p":{"a":0,"k":[250,250,0],"ix":2,"l":2},"a":{"a":0,"k":[0,0,0],"ix":1,"l":2},"s":{"k":[{"s":[0,0,100],"t":0,"i":{"x":[1,1,1],"y":[1,1,1]},"o":{"x":[0,0,0],"y":[0,0,0]}},{"s":[2.165,2.165,100],"t":1,"i":{"x":[1,1,1],"y":[1,1,1]},"o":{"x":[0,0,0],"y":[0,0,0]}},{"s":[7.678,7.678,100],"t":2,"i":{"x":[1,1,1],"y":[1,1,1]},"o":{"x":[0,0,0],"y":[0,0,0]}},{"s":[15.572,15.572,100],"t":3,"i":{"x":[1,1,1],"y":[1,1,1]},"o":{"x":[0,0,0],"y":[0,0,0]}},{"s":[25.248,25.248,100],"t":4,"i":{"x":[1,1,1],"y":[1,1,1]},"o":{"x":[0,0,0],"y":[0,0,0]}},{"s":[36.294,36.294,100],"t":5,"i":{"x":[1,1,1],"y":[1,1,1]},"o":{"x":[0,0,0],"y":[0,0,0]}},{"s":[48.393,48.393,100],"t":6,"i":{"x":[1,1,1],"y":[1,1,1]},"o":{"x":[0,0,0],"y":[0,0,0]}},{"s":[61.267,61.267,100],"t":7,"i":{"x":[1,1,1],"y":[1,1,1]},"o":{"x":[0,0,0],"y":[0,0,0]}},{"s":[87.96,87.96,100],"t":9,"i":{"x":[1,1,1],"y":[1,1,1]},"o":{"x":[0,0,0],"y":[0,0,0]}},{"s":[100,100,100],"t":10,"i":{"x":[1,1,1],"y":[1,1,1]},"o":{"x":[0,0,0],"y":[0,0,0]}},{"s":[107.237,107.237,100],"t":11,"i":{"x":[1,1,1],"y":[1,1,1]},"o":{"x":[0,0,0],"y":[0,0,0]}},{"s":[111.392,111.392,100],"t":12,"i":{"x":[1,1,1],"y":[1,1,1]},"o":{"x":[0,0,0],"y":[0,0,0]}},{"s":[113.08,113.08,100],"t":13,"i":{"x":[1,1,1],"y":[1,1,1]},"o":{"x":[0,0,0],"y":[0,0,0]}},{"s":[112.952,112.952,100],"t":14,"i":{"x":[1,1,1],"y":[1,1,1]},"o":{"x":[0,0,0],"y":[0,0,0]}},{"s":[111.619,111.619,100],"t":15,"i":{"x":[1,1,1],"y":[1,1,1]},"o":{"x":[0,0,0],"y":[0,0,0]}},{"s":[109.607,109.607,100],"t":16,"i":{"x":[1,1,1],"y":[1,1,1]},"o":{"x":[0,0,0],"y":[0,0,0]}},{"s":[107.333,107.333,100],"t":17,"i":{"x":[1,1,1],"y":[1,1,1]},"o":{"x":[0,0,0],"y":[0,0,0]}},{"s":[105.102,105.102,100],"t":18,"i":{"x":[1,1,1],"y":[1,1,1]},"o":{"x":[0,0,0],"y":[0,0,0]}},{"s":[103.116,103.116,100],"t":19,"i":{"x":[1,1,1],"y":[1,1,1]},"o":{"x":[0,0,0],"y":[0,0,0]}},{"s":[101.484,101.484,100],"t":20,"i":{"x":[1,1,1],"y":[1,1,1]},"o":{"x":[0,0,0],"y":[0,0,0]}},{"s":[100.248,100.248,100],"t":21,"i":{"x":[1,1,1],"y":[1,1,1]},"o":{"x":[0,0,0],"y":[0,0,0]}},{"s":[99.395,99.395,100],"t":22,"i":{"x":[1,1,1],"y":[1,1,1]},"o":{"x":[0,0,0],"y":[0,0,0]}},{"s":[98.882,98.882,100],"t":23,"i":{"x":[1,1,1],"y":[1,1,1]},"o":{"x":[0,0,0],"y":[0,0,0]}},{"s":[98.645,98.645,100],"t":24,"i":{"x":[1,1,1],"y":[1,1,1]},"o":{"x":[0,0,0],"y":[0,0,0]}},{"s":[98.617,98.617,100],"t":25,"i":{"x":[1,1,1],"y":[1,1,1]},"o":{"x":[0,0,0],"y":[0,0,0]}},{"s":[98.732,98.732,100],"t":26,"i":{"x":[1,1,1],"y":[1,1,1]},"o":{"x":[0,0,0],"y":[0,0,0]}},{"s":[98.93,98.93,100],"t":27,"i":{"x":[1,1,1],"y":[1,1,1]},"o":{"x":[0,0,0],"y":[0,0,0]}},{"s":[99.167,99.167,100],"t":28,"i":{"x":[1,1,1],"y":[1,1,1]},"o":{"x":[0,0,0],"y":[0,0,0]}},{"s":[99.405,99.405,100],"t":29,"i":{"x":[1,1,1],"y":[1,1,1]},"o":{"x":[0,0,0],"y":[0,0,0]}},{"s":[99.622,99.622,100],"t":30,"i":{"x":[1,1,1],"y":[1,1,1]},"o":{"x":[0,0,0],"y":[0,0,0]}},{"s":[99.804,99.804,100],"t":31,"i":{"x":[1,1,1],"y":[1,1,1]},"o":{"x":[0,0,0],"y":[0,0,0]}},{"s":[99.945,99.945,100],"t":32,"i":{"x":[1,1,1],"y":[1,1,1]},"o":{"x":[0,0,0],"y":[0,0,0]}},{"s":[100.045,100.045,100],"t":33,"i":{"x":[1,1,1],"y":[1,1,1]},"o":{"x":[0,0,0],"y":[0,0,0]}},{"s":[100.139,100.139,100],"t":35,"i":{"x":[1,1,1],"y":[1,1,1]},"o":{"x":[0,0,0],"y":[0,0,0]}},{"s":[100.045,100.045,100],"t":41,"i":{"x":[1,1,1],"y":[1,1,1]},"o":{"x":[0,0,0],"y":[0,0,0]}}],"l":2}},"ao":0,"ef":[{"ty":5,"nm":"Elastic Controller","np":5,"mn":"Pseudo/MDS Elastic Controller","ix":1,"en":1,"ef":[{"ty":0,"nm":"Amplitude","mn":"Pseudo/MDS Elastic Controller-0001","ix":1,"v":{"a":0,"k":20,"ix":1}},{"ty":0,"nm":"Frequency","mn":"Pseudo/MDS Elastic Controller-0002","ix":2,"v":{"a":0,"k":40,"ix":2}},{"ty":0,"nm":"Decay","mn":"Pseudo/MDS Elastic Controller-0003","ix":3,"v":{"a":0,"k":60,"ix":3}}]}],"shapes":[{"ty":"gr","it":[{"d":1,"ty":"el","s":{"a":0,"k":[361.595,361.595],"ix":2},"p":{"a":0,"k":[0,0],"ix":3},"nm":"Ellipse Path 1","mn":"ADBE Vector Shape - Ellipse","hd":false},{"ty":"fl","c":{"a":0,"k":[1,0,0,1],"ix":4},"o":{"a":0,"k":100,"ix":5},"r":1,"bm":0,"nm":"Fill 1","mn":"ADBE Vector Graphic - Fill","hd":false},{"ty":"tr","p":{"a":0,"k":[0,0],"ix":2},"a":{"a":0,"k":[0,0],"ix":1},"s":{"a":0,"k":[100,100],"ix":3},"r":{"a":0,"k":0,"ix":6},"o":{"a":0,"k":100,"ix":7},"sk":{"a":0,"k":0,"ix":4},"sa":{"a":0,"k":0,"ix":5},"nm":"Transform"}],"nm":"Group 1","np":2,"cix":2,"bm":0,"ix":1,"mn":"ADBE Vector Group","hd":false}],"ip":0,"op":300,"st":0,"ct":1,"bm":0},{"ddd":0,"ind":2,"ty":0,"nm":"Image","tt":1,"refId":"comp_0","sr":1,"ks":{"o":{"a":0,"k":100,"ix":11},"r":{"a":0,"k":0,"ix":10},"p":{"a":0,"k":[250,250,0],"ix":2,"l":2},"a":{"a":0,"k":[250,250,0],"ix":1,"l":2},"s":{"a":0,"k":[100,100,100],"ix":6,"l":2}},"ao":0,"w":500,"h":500,"ip":0,"op":300,"st":0,"bm":0},{"ddd":0,"ind":3,"ty":4,"nm":"Matte 2","td":1,"sr":1,"ks":{"o":{"a":0,"k":100,"ix":11},"r":{"a":0,"k":0,"ix":10},"p":{"a":0,"k":[250,250,0],"ix":2,"l":2},"a":{"a":0,"k":[0,0,0],"ix":1,"l":2},"s":{"k":[{"s":[0,0,100],"t":0,"i":{"x":[1,1,1],"y":[1,1,1]},"o":{"x":[0,0,0],"y":[0,0,0]}},{"s":[2.165,2.165,100],"t":1,"i":{"x":[1,1,1],"y":[1,1,1]},"o":{"x":[0,0,0],"y":[0,0,0]}},{"s":[7.678,7.678,100],"t":2,"i":{"x":[1,1,1],"y":[1,1,1]},"o":{"x":[0,0,0],"y":[0,0,0]}},{"s":[15.572,15.572,100],"t":3,"i":{"x":[1,1,1],"y":[1,1,1]},"o":{"x":[0,0,0],"y":[0,0,0]}},{"s":[25.248,25.248,100],"t":4,"i":{"x":[1,1,1],"y":[1,1,1]},"o":{"x":[0,0,0],"y":[0,0,0]}},{"s":[36.294,36.294,100],"t":5,"i":{"x":[1,1,1],"y":[1,1,1]},"o":{"x":[0,0,0],"y":[0,0,0]}},{"s":[48.393,48.393,100],"t":6,"i":{"x":[1,1,1],"y":[1,1,1]},"o":{"x":[0,0,0],"y":[0,0,0]}},{"s":[61.267,61.267,100],"t":7,"i":{"x":[1,1,1],"y":[1,1,1]},"o":{"x":[0,0,0],"y":[0,0,0]}},{"s":[87.96,87.96,100],"t":9,"i":{"x":[1,1,1],"y":[1,1,1]},"o":{"x":[0,0,0],"y":[0,0,0]}},{"s":[100,100,100],"t":10,"i":{"x":[1,1,1],"y":[1,1,1]},"o":{"x":[0,0,0],"y":[0,0,0]}},{"s":[107.237,107.237,100],"t":11,"i":{"x":[1,1,1],"y":[1,1,1]},"o":{"x":[0,0,0],"y":[0,0,0]}},{"s":[111.392,111.392,100],"t":12,"i":{"x":[1,1,1],"y":[1,1,1]},"o":{"x":[0,0,0],"y":[0,0,0]}},{"s":[113.08,113.08,100],"t":13,"i":{"x":[1,1,1],"y":[1,1,1]},"o":{"x":[0,0,0],"y":[0,0,0]}},{"s":[112.952,112.952,100],"t":14,"i":{"x":[1,1,1],"y":[1,1,1]},"o":{"x":[0,0,0],"y":[0,0,0]}},{"s":[111.619,111.619,100],"t":15,"i":{"x":[1,1,1],"y":[1,1,1]},"o":{"x":[0,0,0],"y":[0,0,0]}},{"s":[109.607,109.607,100],"t":16,"i":{"x":[1,1,1],"y":[1,1,1]},"o":{"x":[0,0,0],"y":[0,0,0]}},{"s":[107.333,107.333,100],"t":17,"i":{"x":[1,1,1],"y":[1,1,1]},"o":{"x":[0,0,0],"y":[0,0,0]}},{"s":[105.102,105.102,100],"t":18,"i":{"x":[1,1,1],"y":[1,1,1]},"o":{"x":[0,0,0],"y":[0,0,0]}},{"s":[103.116,103.116,100],"t":19,"i":{"x":[1,1,1],"y":[1,1,1]},"o":{"x":[0,0,0],"y":[0,0,0]}},{"s":[101.484,101.484,100],"t":20,"i":{"x":[1,1,1],"y":[1,1,1]},"o":{"x":[0,0,0],"y":[0,0,0]}},{"s":[100.248,100.248,100],"t":21,"i":{"x":[1,1,1],"y":[1,1,1]},"o":{"x":[0,0,0],"y":[0,0,0]}},{"s":[99.395,99.395,100],"t":22,"i":{"x":[1,1,1],"y":[1,1,1]},"o":{"x":[0,0,0],"y":[0,0,0]}},{"s":[98.882,98.882,100],"t":23,"i":{"x":[1,1,1],"y":[1,1,1]},"o":{"x":[0,0,0],"y":[0,0,0]}},{"s":[98.645,98.645,100],"t":24,"i":{"x":[1,1,1],"y":[1,1,1]},"o":{"x":[0,0,0],"y":[0,0,0]}},{"s":[98.617,98.617,100],"t":25,"i":{"x":[1,1,1],"y":[1,1,1]},"o":{"x":[0,0,0],"y":[0,0,0]}},{"s":[98.732,98.732,100],"t":26,"i":{"x":[1,1,1],"y":[1,1,1]},"o":{"x":[0,0,0],"y":[0,0,0]}},{"s":[98.93,98.93,100],"t":27,"i":{"x":[1,1,1],"y":[1,1,1]},"o":{"x":[0,0,0],"y":[0,0,0]}},{"s":[99.167,99.167,100],"t":28,"i":{"x":[1,1,1],"y":[1,1,1]},"o":{"x":[0,0,0],"y":[0,0,0]}},{"s":[99.405,99.405,100],"t":29,"i":{"x":[1,1,1],"y":[1,1,1]},"o":{"x":[0,0,0],"y":[0,0,0]}},{"s":[99.622,99.622,100],"t":30,"i":{"x":[1,1,1],"y":[1,1,1]},"o":{"x":[0,0,0],"y":[0,0,0]}},{"s":[99.804,99.804,100],"t":31,"i":{"x":[1,1,1],"y":[1,1,1]},"o":{"x":[0,0,0],"y":[0,0,0]}},{"s":[99.945,99.945,100],"t":32,"i":{"x":[1,1,1],"y":[1,1,1]},"o":{"x":[0,0,0],"y":[0,0,0]}},{"s":[100.045,100.045,100],"t":33,"i":{"x":[1,1,1],"y":[1,1,1]},"o":{"x":[0,0,0],"y":[0,0,0]}},{"s":[100.139,100.139,100],"t":35,"i":{"x":[1,1,1],"y":[1,1,1]},"o":{"x":[0,0,0],"y":[0,0,0]}},{"s":[100.045,100.045,100],"t":41,"i":{"x":[1,1,1],"y":[1,1,1]},"o":{"x":[0,0,0],"y":[0,0,0]}}],"l":2}},"ao":0,"ef":[{"ty":5,"nm":"Elastic Controller","np":5,"mn":"Pseudo/MDS Elastic Controller","ix":1,"en":1,"ef":[{"ty":0,"nm":"Amplitude","mn":"Pseudo/MDS Elastic Controller-0001","ix":1,"v":{"a":0,"k":20,"ix":1}},{"ty":0,"nm":"Frequency","mn":"Pseudo/MDS Elastic Controller-0002","ix":2,"v":{"a":0,"k":40,"ix":2}},{"ty":0,"nm":"Decay","mn":"Pseudo/MDS Elastic Controller-0003","ix":3,"v":{"a":0,"k":60,"ix":3}}]}],"shapes":[{"ty":"gr","it":[{"d":1,"ty":"el","s":{"a":0,"k":[361.595,361.595],"ix":2},"p":{"a":0,"k":[0,0],"ix":3},"nm":"Ellipse Path 1","mn":"ADBE Vector Shape - Ellipse","hd":false},{"ty":"fl","c":{"a":0,"k":[1,0,0,1],"ix":4},"o":{"a":0,"k":100,"ix":5},"r":1,"bm":0,"nm":"Fill 1","mn":"ADBE Vector Graphic - Fill","hd":false},{"ty":"tr","p":{"a":0,"k":[0,0],"ix":2},"a":{"a":0,"k":[0,0],"ix":1},"s":{"a":0,"k":[100,100],"ix":3},"r":{"a":0,"k":0,"ix":6},"o":{"a":0,"k":100,"ix":7},"sk":{"a":0,"k":0,"ix":4},"sa":{"a":0,"k":0,"ix":5},"nm":"Transform"}],"nm":"Group 1","np":2,"cix":2,"bm":0,"ix":1,"mn":"ADBE Vector Group","hd":false}],"ip":0,"op":300,"st":0,"ct":1,"bm":0},{"ddd":0,"ind":4,"ty":4,"nm":"Lid","parent":6,"tt":1,"sr":1,"ks":{"o":{"a":0,"k":100,"ix":11},"r":{"a":1,"k":[{"i":{"x":[0],"y":[1]},"o":{"x":[0.333],"y":[0]},"t":42,"s":[0]},{"i":{"x":[0.667],"y":[1]},"o":{"x":[1],"y":[0]},"t":52,"s":[-41]},{"t":67,"s":[0]}],"ix":10},"p":{"a":0,"k":[80.424,282.764,0],"ix":2,"l":2},"a":{"a":0,"k":[80.424,282.764,0],"ix":1,"l":2},"s":{"a":0,"k":[100,100,100],"ix":6,"l":2}},"ao":0,"shapes":[{"ty":"gr","it":[{"ind":0,"ty":"sh","ix":1,"ks":{"a":0,"k":{"i":[[-5.353,0],[0,0],[0,-5.353],[0,0],[5.353,0],[0,0],[0,5.353],[0,0]],"o":[[0,0],[5.353,0],[0,0],[0,5.353],[0,0],[-5.353,0],[0,0],[0,-5.353]],"v":[[-86.969,-21.182],[86.969,-21.182],[96.632,-11.519],[96.632,11.519],[86.969,21.182],[-86.969,21.182],[-96.632,11.519],[-96.632,-11.519]],"c":true},"ix":2},"nm":"Path 1","mn":"ADBE Vector Shape - Group","hd":false},{"ty":"gf","o":{"a":0,"k":100,"ix":10},"r":1,"bm":0,"g":{"p":3,"k":{"a":0,"k":[0,0.047,0.784,0.937,0.5,0.031,0.631,0.959,1,0.016,0.478,0.98],"ix":9}},"s":{"a":0,"k":[-0.056,-20.582],"ix":5},"e":{"a":0,"k":[-0.056,19.949],"ix":6},"t":1,"nm":"Gradient Fill 1","mn":"ADBE Vector Graphic - G-Fill","hd":false},{"ty":"tr","p":{"a":0,"k":[250.056,261.582],"ix":2},"a":{"a":0,"k":[0,0],"ix":1},"s":{"a":0,"k":[100,100],"ix":3},"r":{"a":0,"k":0,"ix":6},"o":{"a":0,"k":100,"ix":7},"sk":{"a":0,"k":0,"ix":4},"sa":{"a":0,"k":0,"ix":5},"nm":"Transform"}],"nm":"rect49684","np":2,"cix":2,"bm":0,"ix":1,"mn":"ADBE Vector Group","hd":false},{"ty":"gr","it":[{"ind":0,"ty":"sh","ix":1,"ks":{"a":0,"k":{"i":[[0,0],[0,-15.613],[-21.748,0],[0,15.613],[21.748,0]],"o":[[-21.748,0],[0,15.613],[21.748,0],[0,-15.613],[0,0]],"v":[[0,-28.27],[-39.378,0],[0,28.27],[39.378,0],[0,-28.27]],"c":true},"ix":2},"nm":"Path 1","mn":"ADBE Vector Shape - Group","hd":false},{"ty":"gf","o":{"a":0,"k":100,"ix":10},"r":1,"bm":0,"g":{"p":3,"k":{"a":0,"k":[0,0.047,0.784,0.937,0.5,0.031,0.631,0.959,1,0.016,0.478,0.98],"ix":9}},"s":{"a":0,"k":[-0.056,-30.388],"ix":5},"e":{"a":0,"k":[-0.056,-9.864],"ix":6},"t":1,"nm":"Gradient Fill 1","mn":"ADBE Vector Graphic - G-Fill","hd":false},{"ty":"tr","p":{"a":0,"k":[250.056,252.388],"ix":2},"a":{"a":0,"k":[0,0],"ix":1},"s":{"a":0,"k":[100,100],"ix":3},"r":{"a":0,"k":0,"ix":6},"o":{"a":0,"k":100,"ix":7},"sk":{"a":0,"k":0,"ix":4},"sa":{"a":0,"k":0,"ix":5},"nm":"Transform"}],"nm":"path49940","np":2,"cix":2,"bm":0,"ix":2,"mn":"ADBE Vector Group","hd":false}],"ip":2,"op":302,"st":2,"ct":1,"bm":0},{"ddd":0,"ind":5,"ty":4,"nm":"Matte","td":1,"sr":1,"ks":{"o":{"a":0,"k":100,"ix":11},"r":{"a":0,"k":0,"ix":10},"p":{"a":0,"k":[250,250,0],"ix":2,"l":2},"a":{"a":0,"k":[0,0,0],"ix":1,"l":2},"s":{"k":[{"s":[0,0,100],"t":0,"i":{"x":[1,1,1],"y":[1,1,1]},"o":{"x":[0,0,0],"y":[0,0,0]}},{"s":[2.165,2.165,100],"t":1,"i":{"x":[1,1,1],"y":[1,1,1]},"o":{"x":[0,0,0],"y":[0,0,0]}},{"s":[7.678,7.678,100],"t":2,"i":{"x":[1,1,1],"y":[1,1,1]},"o":{"x":[0,0,0],"y":[0,0,0]}},{"s":[15.572,15.572,100],"t":3,"i":{"x":[1,1,1],"y":[1,1,1]},"o":{"x":[0,0,0],"y":[0,0,0]}},{"s":[25.248,25.248,100],"t":4,"i":{"x":[1,1,1],"y":[1,1,1]},"o":{"x":[0,0,0],"y":[0,0,0]}},{"s":[36.294,36.294,100],"t":5,"i":{"x":[1,1,1],"y":[1,1,1]},"o":{"x":[0,0,0],"y":[0,0,0]}},{"s":[48.393,48.393,100],"t":6,"i":{"x":[1,1,1],"y":[1,1,1]},"o":{"x":[0,0,0],"y":[0,0,0]}},{"s":[61.267,61.267,100],"t":7,"i":{"x":[1,1,1],"y":[1,1,1]},"o":{"x":[0,0,0],"y":[0,0,0]}},{"s":[87.96,87.96,100],"t":9,"i":{"x":[1,1,1],"y":[1,1,1]},"o":{"x":[0,0,0],"y":[0,0,0]}},{"s":[100,100,100],"t":10,"i":{"x":[1,1,1],"y":[1,1,1]},"o":{"x":[0,0,0],"y":[0,0,0]}},{"s":[107.237,107.237,100],"t":11,"i":{"x":[1,1,1],"y":[1,1,1]},"o":{"x":[0,0,0],"y":[0,0,0]}},{"s":[111.392,111.392,100],"t":12,"i":{"x":[1,1,1],"y":[1,1,1]},"o":{"x":[0,0,0],"y":[0,0,0]}},{"s":[113.08,113.08,100],"t":13,"i":{"x":[1,1,1],"y":[1,1,1]},"o":{"x":[0,0,0],"y":[0,0,0]}},{"s":[112.952,112.952,100],"t":14,"i":{"x":[1,1,1],"y":[1,1,1]},"o":{"x":[0,0,0],"y":[0,0,0]}},{"s":[111.619,111.619,100],"t":15,"i":{"x":[1,1,1],"y":[1,1,1]},"o":{"x":[0,0,0],"y":[0,0,0]}},{"s":[109.607,109.607,100],"t":16,"i":{"x":[1,1,1],"y":[1,1,1]},"o":{"x":[0,0,0],"y":[0,0,0]}},{"s":[107.333,107.333,100],"t":17,"i":{"x":[1,1,1],"y":[1,1,1]},"o":{"x":[0,0,0],"y":[0,0,0]}},{"s":[105.102,105.102,100],"t":18,"i":{"x":[1,1,1],"y":[1,1,1]},"o":{"x":[0,0,0],"y":[0,0,0]}},{"s":[103.116,103.116,100],"t":19,"i":{"x":[1,1,1],"y":[1,1,1]},"o":{"x":[0,0,0],"y":[0,0,0]}},{"s":[101.484,101.484,100],"t":20,"i":{"x":[1,1,1],"y":[1,1,1]},"o":{"x":[0,0,0],"y":[0,0,0]}},{"s":[100.248,100.248,100],"t":21,"i":{"x":[1,1,1],"y":[1,1,1]},"o":{"x":[0,0,0],"y":[0,0,0]}},{"s":[99.395,99.395,100],"t":22,"i":{"x":[1,1,1],"y":[1,1,1]},"o":{"x":[0,0,0],"y":[0,0,0]}},{"s":[98.882,98.882,100],"t":23,"i":{"x":[1,1,1],"y":[1,1,1]},"o":{"x":[0,0,0],"y":[0,0,0]}},{"s":[98.645,98.645,100],"t":24,"i":{"x":[1,1,1],"y":[1,1,1]},"o":{"x":[0,0,0],"y":[0,0,0]}},{"s":[98.617,98.617,100],"t":25,"i":{"x":[1,1,1],"y":[1,1,1]},"o":{"x":[0,0,0],"y":[0,0,0]}},{"s":[98.732,98.732,100],"t":26,"i":{"x":[1,1,1],"y":[1,1,1]},"o":{"x":[0,0,0],"y":[0,0,0]}},{"s":[98.93,98.93,100],"t":27,"i":{"x":[1,1,1],"y":[1,1,1]},"o":{"x":[0,0,0],"y":[0,0,0]}},{"s":[99.167,99.167,100],"t":28,"i":{"x":[1,1,1],"y":[1,1,1]},"o":{"x":[0,0,0],"y":[0,0,0]}},{"s":[99.405,99.405,100],"t":29,"i":{"x":[1,1,1],"y":[1,1,1]},"o":{"x":[0,0,0],"y":[0,0,0]}},{"s":[99.622,99.622,100],"t":30,"i":{"x":[1,1,1],"y":[1,1,1]},"o":{"x":[0,0,0],"y":[0,0,0]}},{"s":[99.804,99.804,100],"t":31,"i":{"x":[1,1,1],"y":[1,1,1]},"o":{"x":[0,0,0],"y":[0,0,0]}},{"s":[99.945,99.945,100],"t":32,"i":{"x":[1,1,1],"y":[1,1,1]},"o":{"x":[0,0,0],"y":[0,0,0]}},{"s":[100.045,100.045,100],"t":33,"i":{"x":[1,1,1],"y":[1,1,1]},"o":{"x":[0,0,0],"y":[0,0,0]}},{"s":[100.139,100.139,100],"t":35,"i":{"x":[1,1,1],"y":[1,1,1]},"o":{"x":[0,0,0],"y":[0,0,0]}},{"s":[100.045,100.045,100],"t":41,"i":{"x":[1,1,1],"y":[1,1,1]},"o":{"x":[0,0,0],"y":[0,0,0]}}],"l":2}},"ao":0,"ef":[{"ty":5,"nm":"Elastic Controller","np":5,"mn":"Pseudo/MDS Elastic Controller","ix":1,"en":1,"ef":[{"ty":0,"nm":"Amplitude","mn":"Pseudo/MDS Elastic Controller-0001","ix":1,"v":{"a":0,"k":20,"ix":1}},{"ty":0,"nm":"Frequency","mn":"Pseudo/MDS Elastic Controller-0002","ix":2,"v":{"a":0,"k":40,"ix":2}},{"ty":0,"nm":"Decay","mn":"Pseudo/MDS Elastic Controller-0003","ix":3,"v":{"a":0,"k":60,"ix":3}}]}],"shapes":[{"ty":"gr","it":[{"d":1,"ty":"el","s":{"a":0,"k":[361.595,361.595],"ix":2},"p":{"a":0,"k":[0,0],"ix":3},"nm":"Ellipse Path 1","mn":"ADBE Vector Shape - Ellipse","hd":false},{"ty":"fl","c":{"a":0,"k":[1,0,0,1],"ix":4},"o":{"a":0,"k":100,"ix":5},"r":1,"bm":0,"nm":"Fill 1","mn":"ADBE Vector Graphic - Fill","hd":false},{"ty":"tr","p":{"a":0,"k":[0,0],"ix":2},"a":{"a":0,"k":[0,0],"ix":1},"s":{"a":0,"k":[100,100],"ix":3},"r":{"a":0,"k":0,"ix":6},"o":{"a":0,"k":100,"ix":7},"sk":{"a":0,"k":0,"ix":4},"sa":{"a":0,"k":0,"ix":5},"nm":"Transform"}],"nm":"Group 1","np":2,"cix":2,"bm":0,"ix":1,"mn":"ADBE Vector Group","hd":false}],"ip":0,"op":300,"st":0,"ct":1,"bm":0},{"ddd":0,"ind":6,"ty":4,"nm":"Bucket","tt":1,"sr":1,"ks":{"o":{"a":0,"k":100,"ix":11},"r":{"a":0,"k":0,"ix":10},"p":{"k":[{"s":[250.056,448.295,0],"t":2,"i":{"x":1,"y":1},"o":{"x":0,"y":0}},{"s":[250.056,440.613,0],"t":3,"i":{"x":1,"y":1},"o":{"x":0,"y":0}},{"s":[250.056,423.047,0],"t":4,"i":{"x":1,"y":1},"o":{"x":0,"y":0}},{"s":[250.056,399.908,0],"t":5,"i":{"x":1,"y":1},"o":{"x":0,"y":0}},{"s":[250.056,373.684,0],"t":6,"i":{"x":1,"y":1},"o":{"x":0,"y":0}},{"s":[250.056,348.295,0],"t":7,"i":{"x":1,"y":1},"o":{"x":0,"y":0}},{"s":[250.056,333.08,0],"t":8,"i":{"x":1,"y":1},"o":{"x":0,"y":0}},{"s":[250.056,324.346,0],"t":9,"i":{"x":1,"y":1},"o":{"x":0,"y":0}},{"s":[250.056,320.797,0],"t":10,"i":{"x":1,"y":1},"o":{"x":0,"y":0}},{"s":[250.056,321.066,0],"t":11,"i":{"x":1,"y":1},"o":{"x":0,"y":0}},{"s":[250.056,323.869,0],"t":12,"i":{"x":1,"y":1},"o":{"x":0,"y":0}},{"s":[250.056,328.099,0],"t":13,"i":{"x":1,"y":1},"o":{"x":0,"y":0}},{"s":[250.056,332.879,0],"t":14,"i":{"x":1,"y":1},"o":{"x":0,"y":0}},{"s":[250.056,337.568,0],"t":15,"i":{"x":1,"y":1},"o":{"x":0,"y":0}},{"s":[250.056,341.744,0],"t":16,"i":{"x":1,"y":1},"o":{"x":0,"y":0}},{"s":[250.056,345.174,0],"t":17,"i":{"x":1,"y":1},"o":{"x":0,"y":0}},{"s":[250.056,347.774,0],"t":18,"i":{"x":1,"y":1},"o":{"x":0,"y":0}},{"s":[250.056,349.566,0],"t":19,"i":{"x":1,"y":1},"o":{"x":0,"y":0}},{"s":[250.056,350.646,0],"t":20,"i":{"x":1,"y":1},"o":{"x":0,"y":0}},{"s":[250.056,351.143,0],"t":21,"i":{"x":1,"y":1},"o":{"x":0,"y":0}},{"s":[250.056,350.961,0],"t":23,"i":{"x":1,"y":1},"o":{"x":0,"y":0}},{"s":[250.056,350.543,0],"t":24,"i":{"x":1,"y":1},"o":{"x":0,"y":0}},{"s":[250.056,350.047,0],"t":25,"i":{"x":1,"y":1},"o":{"x":0,"y":0}},{"s":[250.056,349.545,0],"t":26,"i":{"x":1,"y":1},"o":{"x":0,"y":0}},{"s":[250.056,349.088,0],"t":27,"i":{"x":1,"y":1},"o":{"x":0,"y":0}},{"s":[250.056,348.706,0],"t":28,"i":{"x":1,"y":1},"o":{"x":0,"y":0}},{"s":[250.056,348.41,0],"t":29,"i":{"x":1,"y":1},"o":{"x":0,"y":0}},{"s":[250.056,348.295,0],"t":30,"i":{"x":1,"y":1},"o":{"x":0,"y":0}},{"s":[250.056,349.205,0],"t":31,"i":{"x":1,"y":1},"o":{"x":0,"y":0}},{"s":[250.056,354.688,0],"t":32,"i":{"x":1,"y":1},"o":{"x":0,"y":0}},{"s":[250.056,360.775,0],"t":33,"i":{"x":1,"y":1},"o":{"x":0,"y":0}},{"s":[250.056,363.837,0],"t":34,"i":{"x":1,"y":1},"o":{"x":0,"y":0}},{"s":[250.056,365.635,0],"t":35,"i":{"x":1,"y":1},"o":{"x":0,"y":0}},{"s":[250.056,366.795,0],"t":36,"i":{"x":1,"y":1},"o":{"x":0,"y":0}},{"s":[250.056,367.536,0],"t":37,"i":{"x":1,"y":1},"o":{"x":0,"y":0}},{"s":[250.056,367.992,0],"t":38,"i":{"x":1,"y":1},"o":{"x":0,"y":0}},{"s":[250.056,368.052,0],"t":41,"i":{"x":1,"y":1},"o":{"x":0,"y":0}},{"s":[250.056,367.118,0],"t":42,"i":{"x":1,"y":1},"o":{"x":0,"y":0}},{"s":[250.056,365.004,0],"t":43,"i":{"x":1,"y":1},"o":{"x":0,"y":0}},{"s":[250.056,360.069,0],"t":44,"i":{"x":1,"y":1},"o":{"x":0,"y":0}},{"s":[250.056,348.295,0],"t":45,"i":{"x":1,"y":1},"o":{"x":0,"y":0}},{"s":[250.056,344.022,0],"t":46,"i":{"x":1,"y":1},"o":{"x":0,"y":0}},{"s":[250.056,341.569,0],"t":47,"i":{"x":1,"y":1},"o":{"x":0,"y":0}},{"s":[250.056,340.572,0],"t":48,"i":{"x":1,"y":1},"o":{"x":0,"y":0}},{"s":[250.056,340.648,0],"t":49,"i":{"x":1,"y":1},"o":{"x":0,"y":0}},{"s":[250.056,341.435,0],"t":50,"i":{"x":1,"y":1},"o":{"x":0,"y":0}},{"s":[250.056,342.623,0],"t":51,"i":{"x":1,"y":1},"o":{"x":0,"y":0}},{"s":[250.056,343.965,0],"t":52,"i":{"x":1,"y":1},"o":{"x":0,"y":0}},{"s":[250.056,345.282,0],"t":53,"i":{"x":1,"y":1},"o":{"x":0,"y":0}},{"s":[250.056,346.455,0],"t":54,"i":{"x":1,"y":1},"o":{"x":0,"y":0}},{"s":[250.056,347.418,0],"t":55,"i":{"x":1,"y":1},"o":{"x":0,"y":0}},{"s":[250.056,348.148,0],"t":56,"i":{"x":1,"y":1},"o":{"x":0,"y":0}},{"s":[250.056,348.652,0],"t":57,"i":{"x":1,"y":1},"o":{"x":0,"y":0}},{"s":[250.056,348.955,0],"t":58,"i":{"x":1,"y":1},"o":{"x":0,"y":0}},{"s":[250.056,349.044,0],"t":61,"i":{"x":1,"y":1},"o":{"x":0,"y":0}},{"s":[250.056,348.295,0],"t":62,"i":{"x":1,"y":1},"o":{"x":0,"y":0}},{"s":[250.056,350.375,0],"t":63,"i":{"x":1,"y":1},"o":{"x":0,"y":0}},{"s":[250.056,355.336,0],"t":64,"i":{"x":1,"y":1},"o":{"x":0,"y":0}},{"s":[250.056,361.249,0],"t":65,"i":{"x":1,"y":1},"o":{"x":0,"y":0}},{"s":[250.056,366.207,0],"t":66,"i":{"x":1,"y":1},"o":{"x":0,"y":0}},{"s":[250.056,368.295,0],"t":67,"i":{"x":1,"y":1},"o":{"x":0,"y":0}},{"s":[250.056,367.042,0],"t":68,"i":{"x":1,"y":1},"o":{"x":0,"y":0}},{"s":[250.056,363.692,0],"t":69,"i":{"x":1,"y":1},"o":{"x":0,"y":0}},{"s":[250.056,359.124,0],"t":70,"i":{"x":1,"y":1},"o":{"x":0,"y":0}},{"s":[250.056,353.881,0],"t":71,"i":{"x":1,"y":1},"o":{"x":0,"y":0}},{"s":[250.056,348.295,0],"t":72,"i":{"x":1,"y":1},"o":{"x":0,"y":0}},{"s":[250.056,345.253,0],"t":73,"i":{"x":1,"y":1},"o":{"x":0,"y":0}},{"s":[250.056,343.508,0],"t":74,"i":{"x":1,"y":1},"o":{"x":0,"y":0}},{"s":[250.056,342.798,0],"t":75,"i":{"x":1,"y":1},"o":{"x":0,"y":0}},{"s":[250.056,342.852,0],"t":76,"i":{"x":1,"y":1},"o":{"x":0,"y":0}},{"s":[250.056,343.412,0],"t":77,"i":{"x":1,"y":1},"o":{"x":0,"y":0}},{"s":[250.056,344.258,0],"t":78,"i":{"x":1,"y":1},"o":{"x":0,"y":0}},{"s":[250.056,345.213,0],"t":79,"i":{"x":1,"y":1},"o":{"x":0,"y":0}},{"s":[250.056,346.151,0],"t":80,"i":{"x":1,"y":1},"o":{"x":0,"y":0}},{"s":[250.056,346.985,0],"t":81,"i":{"x":1,"y":1},"o":{"x":0,"y":0}},{"s":[250.056,347.671,0],"t":82,"i":{"x":1,"y":1},"o":{"x":0,"y":0}},{"s":[250.056,348.191,0],"t":83,"i":{"x":1,"y":1},"o":{"x":0,"y":0}},{"s":[250.056,348.549,0],"t":84,"i":{"x":1,"y":1},"o":{"x":0,"y":0}}],"l":2},"a":{"a":0,"k":[250.056,348.295,0],"ix":1,"l":2},"s":{"a":0,"k":[100,100,100],"ix":6,"l":2}},"ao":0,"ef":[{"ty":5,"nm":"Elastic Controller","np":5,"mn":"Pseudo/MDS Elastic Controller","ix":1,"en":1,"ef":[{"ty":0,"nm":"Amplitude","mn":"Pseudo/MDS Elastic Controller-0001","ix":1,"v":{"a":0,"k":20,"ix":1}},{"ty":0,"nm":"Frequency","mn":"Pseudo/MDS Elastic Controller-0002","ix":2,"v":{"a":0,"k":40,"ix":2}},{"ty":0,"nm":"Decay","mn":"Pseudo/MDS Elastic Controller-0003","ix":3,"v":{"a":0,"k":60,"ix":3}}]}],"shapes":[{"ty":"gr","it":[{"d":1,"ty":"el","s":{"a":0,"k":[163.988,16.754],"ix":2},"p":{"a":0,"k":[0,0],"ix":3},"nm":"Ellipse Path 1","mn":"ADBE Vector Shape - Ellipse","hd":false},{"ty":"gf","o":{"a":0,"k":100,"ix":10},"r":1,"bm":0,"g":{"p":3,"k":{"a":0,"k":[0,0.047,0.784,0.937,0.5,0.031,0.631,0.959,1,0.016,0.478,0.98],"ix":9}},"s":{"a":0,"k":[-0.052,-9.737],"ix":5},"e":{"a":0,"k":[-0.052,30.272],"ix":6},"t":1,"nm":"Gradient Fill 1","mn":"ADBE Vector Graphic - G-Fill","hd":false},{"ty":"tr","p":{"a":0,"k":[250.052,275.737],"ix":2},"a":{"a":0,"k":[0,0],"ix":1},"s":{"a":0,"k":[100,100],"ix":3},"r":{"a":0,"k":0,"ix":6},"o":{"a":0,"k":100,"ix":7},"sk":{"a":0,"k":0,"ix":4},"sa":{"a":0,"k":0,"ix":5},"nm":"Transform"}],"nm":"Group 1","np":2,"cix":2,"bm":0,"ix":1,"mn":"ADBE Vector Group","hd":false},{"ty":"gr","it":[{"ind":0,"ty":"sh","ix":1,"ks":{"a":0,"k":{"i":[[-6.246,0],[0,-6.246],[0,0],[6.246,0],[0,6.246],[0,0]],"o":[[6.246,0],[0,0],[0,6.246],[-6.246,0],[0,0],[0,-6.246]],"v":[[0,-38.653],[11.274,-27.378],[11.274,27.378],[0,38.653],[-11.274,27.378],[-11.274,-27.378]],"c":true},"ix":2},"nm":"Path 1","mn":"ADBE Vector Shape - Group","hd":false},{"ty":"gf","o":{"a":0,"k":100,"ix":10},"r":1,"bm":0,"g":{"p":3,"k":{"a":0,"k":[0,0.961,0.973,1,0.5,0.794,0.88,1,1,0.627,0.788,1],"ix":9}},"s":{"a":0,"k":[-0.056,-38.001],"ix":5},"e":{"a":0,"k":[-0.056,37.493],"ix":6},"t":1,"nm":"Gradient Fill 1","mn":"ADBE Vector Graphic - G-Fill","hd":false},{"ty":"tr","p":{"a":0,"k":[250.056,361.001],"ix":2},"a":{"a":0,"k":[0,0],"ix":1},"s":{"a":0,"k":[100,100],"ix":3},"r":{"a":0,"k":0,"ix":6},"o":{"a":0,"k":100,"ix":7},"sk":{"a":0,"k":0,"ix":4},"sa":{"a":0,"k":0,"ix":5},"nm":"Transform"}],"nm":"line","np":2,"cix":2,"bm":0,"ix":2,"mn":"ADBE Vector Group","hd":false},{"ty":"gr","it":[{"ind":0,"ty":"sh","ix":1,"ks":{"a":0,"k":{"i":[[-6.246,0],[0,-6.246],[0,0],[6.246,0],[0,6.246],[0,0]],"o":[[6.246,0],[0,0],[0,6.246],[-6.246,0],[0,0],[0,-6.246]],"v":[[0,-38.653],[11.274,-27.378],[11.274,27.378],[0,38.653],[-11.274,27.378],[-11.274,-27.378]],"c":true},"ix":2},"nm":"Path 1","mn":"ADBE Vector Shape - Group","hd":false},{"ty":"gf","o":{"a":0,"k":100,"ix":10},"r":1,"bm":0,"g":{"p":3,"k":{"a":0,"k":[0,0.961,0.973,1,0.5,0.794,0.88,1,1,0.627,0.788,1],"ix":9}},"s":{"a":0,"k":[-0.029,-39.001],"ix":5},"e":{"a":0,"k":[-0.029,38.193],"ix":6},"t":1,"nm":"Gradient Fill 1","mn":"ADBE Vector Graphic - G-Fill","hd":false},{"ty":"tr","p":{"a":0,"k":[290.029,361.001],"ix":2},"a":{"a":0,"k":[0,0],"ix":1},"s":{"a":0,"k":[100,100],"ix":3},"r":{"a":0,"k":0,"ix":6},"o":{"a":0,"k":100,"ix":7},"sk":{"a":0,"k":0,"ix":4},"sa":{"a":0,"k":0,"ix":5},"nm":"Transform"}],"nm":"line","np":2,"cix":2,"bm":0,"ix":3,"mn":"ADBE Vector Group","hd":false},{"ty":"gr","it":[{"ind":0,"ty":"sh","ix":1,"ks":{"a":0,"k":{"i":[[-6.246,0],[0,-6.246],[0,0],[6.246,0],[0,6.246],[0,0]],"o":[[6.246,0],[0,0],[0,6.246],[-6.246,0],[0,0],[0,-6.246]],"v":[[0,-38.653],[11.274,-27.378],[11.274,27.378],[0,38.653],[-11.274,27.378],[-11.274,-27.378]],"c":true},"ix":2},"nm":"Path 1","mn":"ADBE Vector Shape - Group","hd":false},{"ty":"gf","o":{"a":0,"k":100,"ix":10},"r":1,"bm":0,"g":{"p":3,"k":{"a":0,"k":[0,0.961,0.973,1,0.5,0.794,0.88,1,1,0.627,0.788,1],"ix":9}},"s":{"a":0,"k":[-0.084,-37.001],"ix":5},"e":{"a":0,"k":[-0.084,38.999],"ix":6},"t":1,"nm":"Gradient Fill 1","mn":"ADBE Vector Graphic - G-Fill","hd":false},{"ty":"tr","p":{"a":0,"k":[210.084,361.001],"ix":2},"a":{"a":0,"k":[0,0],"ix":1},"s":{"a":0,"k":[100,100],"ix":3},"r":{"a":0,"k":0,"ix":6},"o":{"a":0,"k":100,"ix":7},"sk":{"a":0,"k":0,"ix":4},"sa":{"a":0,"k":0,"ix":5},"nm":"Transform"}],"nm":"line","np":2,"cix":2,"bm":0,"ix":4,"mn":"ADBE Vector Group","hd":false},{"ty":"gr","it":[{"ind":0,"ty":"sh","ix":1,"ks":{"a":0,"k":{"i":[[0.923,-10.667],[0,0],[10.707,0],[0,0],[0.923,10.667],[0,0]],"o":[[0,0],[-0.923,10.667],[0,0],[-10.707,0],[0,0],[-0.923,-10.667]],"v":[[81.995,-72.659],[70.399,61.333],[51.073,80.659],[-51.073,80.659],[-70.399,61.333],[-81.995,-72.659]],"c":true},"ix":2},"nm":"Path 1","mn":"ADBE Vector Shape - Group","hd":false},{"ty":"gf","o":{"a":0,"k":100,"ix":10},"r":1,"bm":0,"g":{"p":3,"k":{"a":0,"k":[0,0.047,0.784,0.937,0.5,0.031,0.631,0.959,1,0.016,0.478,0.98],"ix":9}},"s":{"a":0,"k":[-0.056,-71.57],"ix":5},"e":{"a":0,"k":[-0.056,52.86],"ix":6},"t":1,"nm":"Gradient Fill 1","mn":"ADBE Vector Graphic - G-Fill","hd":false},{"ty":"tr","p":{"a":0,"k":[250.056,348.57],"ix":2},"a":{"a":0,"k":[0,0],"ix":1},"s":{"a":0,"k":[100,100],"ix":3},"r":{"a":0,"k":0,"ix":6},"o":{"a":0,"k":100,"ix":7},"sk":{"a":0,"k":0,"ix":4},"sa":{"a":0,"k":0,"ix":5},"nm":"Transform"}],"nm":"Bucket","np":2,"cix":2,"bm":0,"ix":5,"mn":"ADBE Vector Group","hd":false}],"ip":2,"op":302,"st":2,"ct":1,"bm":0},{"ddd":0,"ind":7,"ty":4,"nm":"Star 2","sr":1,"ks":{"o":{"a":0,"k":100,"ix":11},"r":{"a":1,"k":[{"i":{"x":[0.667],"y":[1]},"o":{"x":[0.333],"y":[0]},"t":59,"s":[0]},{"t":89,"s":[360]}],"ix":10},"p":{"a":0,"k":[112.954,243.176,0],"ix":2,"l":2},"a":{"a":0,"k":[0,0,0],"ix":1,"l":2},"s":{"a":1,"k":[{"i":{"x":[0.667,0.667,0.667],"y":[1,1,1]},"o":{"x":[0.333,0.333,0.333],"y":[0,0,0]},"t":59,"s":[0,0,100]},{"i":{"x":[0.667,0.667,0.667],"y":[1,1,1]},"o":{"x":[0.333,0.333,0.333],"y":[0,0,0]},"t":74,"s":[100,100,100]},{"t":89,"s":[0,0,100]}],"ix":6,"l":2}},"ao":0,"shapes":[{"ty":"gr","it":[{"ind":0,"ty":"sh","ix":1,"ks":{"a":0,"k":{"i":[[-0.221,-0.059],[0,0],[0.633,-0.17],[0,0],[0.059,-0.221],[0,0],[0.17,0.633],[0,0],[0.221,0.059],[0,0],[-0.633,0.17],[0,0],[-0.059,0.221],[0,0],[-0.17,-0.633],[0,0]],"o":[[0,0],[0.633,0.17],[0,0],[-0.221,0.059],[0,0],[-0.17,0.633],[0,0],[-0.059,-0.221],[0,0],[-0.633,-0.17],[0,0],[0.221,-0.059],[0,0],[0.17,-0.633],[0,0],[0.059,0.221]],"v":[[3.557,-3.104],[12.786,-0.619],[12.786,0.619],[3.557,3.104],[3.104,3.557],[0.619,12.786],[-0.619,12.786],[-3.104,3.557],[-3.557,3.104],[-12.786,0.619],[-12.786,-0.619],[-3.557,-3.104],[-3.104,-3.557],[-0.619,-12.786],[0.619,-12.786],[3.104,-3.557]],"c":true},"ix":2},"nm":"Path 1","mn":"ADBE Vector Shape - Group","hd":false},{"ty":"gf","o":{"a":0,"k":100,"ix":10},"r":1,"bm":0,"g":{"p":3,"k":{"a":0,"k":[0,0.047,0.784,0.937,0.5,0.031,0.631,0.959,1,0.016,0.478,0.98],"ix":9}},"s":{"a":0,"k":[-13.954,-0.176],"ix":5},"e":{"a":0,"k":[12.567,-0.176],"ix":6},"t":1,"nm":"Gradient Fill 1","mn":"ADBE Vector Graphic - G-Fill","hd":false},{"ty":"tr","p":{"a":0,"k":[0,0],"ix":2},"a":{"a":0,"k":[0,0],"ix":1},"s":{"a":0,"k":[100,100],"ix":3},"r":{"a":0,"k":0,"ix":6},"o":{"a":0,"k":100,"ix":7},"sk":{"a":0,"k":0,"ix":4},"sa":{"a":0,"k":0,"ix":5},"nm":"Transform"}],"nm":"Star","np":2,"cix":2,"bm":0,"ix":1,"mn":"ADBE Vector Group","hd":false}],"ip":0,"op":300,"st":0,"ct":1,"bm":0},{"ddd":0,"ind":8,"ty":4,"nm":"Star 3","sr":1,"ks":{"o":{"a":0,"k":100,"ix":11},"r":{"a":1,"k":[{"i":{"x":[0.667],"y":[1]},"o":{"x":[0.333],"y":[0]},"t":69,"s":[0]},{"t":99,"s":[-360]}],"ix":10},"p":{"a":0,"k":[188.949,132.128,0],"ix":2,"l":2},"a":{"a":0,"k":[0,0,0],"ix":1,"l":2},"s":{"a":1,"k":[{"i":{"x":[0.667,0.667,0.667],"y":[1,1,1]},"o":{"x":[0.333,0.333,0.333],"y":[0,0,0]},"t":69,"s":[0,0,100]},{"i":{"x":[0.667,0.667,0.667],"y":[1,1,1]},"o":{"x":[0.333,0.333,0.333],"y":[0,0,0]},"t":84,"s":[80,80,100]},{"t":99,"s":[0,0,100]}],"ix":6,"l":2}},"ao":0,"shapes":[{"ty":"gr","it":[{"ind":0,"ty":"sh","ix":1,"ks":{"a":0,"k":{"i":[[-0.344,-0.093],[0,0],[0.987,-0.266],[0,0],[0.093,-0.344],[0,0],[0.266,0.987],[0,0],[0.344,0.093],[0,0],[-0.987,0.266],[0,0],[-0.093,0.344],[0,0],[-0.266,-0.987],[0,0]],"o":[[0,0],[0.987,0.266],[0,0],[-0.344,0.093],[0,0],[-0.266,0.987],[0,0],[-0.093,-0.344],[0,0],[-0.987,-0.266],[0,0],[0.344,-0.093],[0,0],[0.266,-0.987],[0,0],[0.093,0.344]],"v":[[5.547,-4.841],[19.94,-0.966],[19.94,0.966],[5.547,4.841],[4.841,5.547],[0.966,19.94],[-0.966,19.94],[-4.841,5.547],[-5.547,4.841],[-19.94,0.966],[-19.94,-0.966],[-5.547,-4.841],[-4.841,-5.547],[-0.966,-19.94],[0.966,-19.94],[4.841,-5.547]],"c":true},"ix":2},"nm":"Path 1","mn":"ADBE Vector Shape - Group","hd":false},{"ty":"gf","o":{"a":0,"k":100,"ix":10},"r":1,"bm":0,"g":{"p":3,"k":{"a":0,"k":[0,0.047,0.784,0.937,0.5,0.031,0.631,0.959,1,0.016,0.478,0.98],"ix":9}},"s":{"a":0,"k":[-20.949,-0.128],"ix":5},"e":{"a":0,"k":[20.411,-0.128],"ix":6},"t":1,"nm":"Gradient Fill 1","mn":"ADBE Vector Graphic - G-Fill","hd":false},{"ty":"tr","p":{"a":0,"k":[0,0],"ix":2},"a":{"a":0,"k":[0,0],"ix":1},"s":{"a":0,"k":[100,100],"ix":3},"r":{"a":0,"k":0,"ix":6},"o":{"a":0,"k":100,"ix":7},"sk":{"a":0,"k":0,"ix":4},"sa":{"a":0,"k":0,"ix":5},"nm":"Transform"}],"nm":"Star","np":2,"cix":2,"bm":0,"ix":1,"mn":"ADBE Vector Group","hd":false}],"ip":0,"op":300,"st":0,"ct":1,"bm":0},{"ddd":0,"ind":9,"ty":4,"nm":"Star","sr":1,"ks":{"o":{"a":0,"k":100,"ix":11},"r":{"a":1,"k":[{"i":{"x":[0.667],"y":[1]},"o":{"x":[0.333],"y":[0]},"t":56,"s":[0]},{"t":86,"s":[360]}],"ix":10},"p":{"a":0,"k":[380.949,126.128,0],"ix":2,"l":2},"a":{"a":0,"k":[0,0,0],"ix":1,"l":2},"s":{"a":1,"k":[{"i":{"x":[0.667,0.667,0.667],"y":[1,1,1]},"o":{"x":[0.333,0.333,0.333],"y":[0,0,0]},"t":56,"s":[0,0,100]},{"i":{"x":[0.667,0.667,0.667],"y":[1,1,1]},"o":{"x":[0.333,0.333,0.333],"y":[0,0,0]},"t":71,"s":[100,100,100]},{"t":86,"s":[0,0,100]}],"ix":6,"l":2}},"ao":0,"shapes":[{"ty":"gr","it":[{"ind":0,"ty":"sh","ix":1,"ks":{"a":0,"k":{"i":[[-0.344,-0.093],[0,0],[0.987,-0.266],[0,0],[0.093,-0.344],[0,0],[0.266,0.987],[0,0],[0.344,0.093],[0,0],[-0.987,0.266],[0,0],[-0.093,0.344],[0,0],[-0.266,-0.987],[0,0]],"o":[[0,0],[0.987,0.266],[0,0],[-0.344,0.093],[0,0],[-0.266,0.987],[0,0],[-0.093,-0.344],[0,0],[-0.987,-0.266],[0,0],[0.344,-0.093],[0,0],[0.266,-0.987],[0,0],[0.093,0.344]],"v":[[5.547,-4.841],[19.94,-0.966],[19.94,0.966],[5.547,4.841],[4.841,5.547],[0.966,19.94],[-0.966,19.94],[-4.841,5.547],[-5.547,4.841],[-19.94,0.966],[-19.94,-0.966],[-5.547,-4.841],[-4.841,-5.547],[-0.966,-19.94],[0.966,-19.94],[4.841,-5.547]],"c":true},"ix":2},"nm":"Path 1","mn":"ADBE Vector Shape - Group","hd":false},{"ty":"gf","o":{"a":0,"k":100,"ix":10},"r":1,"bm":0,"g":{"p":3,"k":{"a":0,"k":[0,0.047,0.784,0.937,0.5,0.031,0.631,0.959,1,0.016,0.478,0.98],"ix":9}},"s":{"a":0,"k":[-20.949,-0.128],"ix":5},"e":{"a":0,"k":[20.411,-0.128],"ix":6},"t":1,"nm":"Gradient Fill 1","mn":"ADBE Vector Graphic - G-Fill","hd":false},{"ty":"tr","p":{"a":0,"k":[0,0],"ix":2},"a":{"a":0,"k":[0,0],"ix":1},"s":{"a":0,"k":[100,100],"ix":3},"r":{"a":0,"k":0,"ix":6},"o":{"a":0,"k":100,"ix":7},"sk":{"a":0,"k":0,"ix":4},"sa":{"a":0,"k":0,"ix":5},"nm":"Transform"}],"nm":"Star","np":2,"cix":2,"bm":0,"ix":1,"mn":"ADBE Vector Group","hd":false}],"ip":0,"op":300,"st":0,"ct":1,"bm":0},{"ddd":0,"ind":10,"ty":4,"nm":"Bg","sr":1,"ks":{"o":{"a":0,"k":100,"ix":11},"r":{"a":0,"k":0,"ix":10},"p":{"a":0,"k":[250.056,249.607,0],"ix":2,"l":2},"a":{"a":0,"k":[0,0,0],"ix":1,"l":2},"s":{"k":[{"s":[0,0,100],"t":0,"i":{"x":[1,1,1],"y":[1,1,1]},"o":{"x":[0,0,0],"y":[0,0,0]}},{"s":[2.165,2.165,100],"t":1,"i":{"x":[1,1,1],"y":[1,1,1]},"o":{"x":[0,0,0],"y":[0,0,0]}},{"s":[7.678,7.678,100],"t":2,"i":{"x":[1,1,1],"y":[1,1,1]},"o":{"x":[0,0,0],"y":[0,0,0]}},{"s":[15.572,15.572,100],"t":3,"i":{"x":[1,1,1],"y":[1,1,1]},"o":{"x":[0,0,0],"y":[0,0,0]}},{"s":[25.248,25.248,100],"t":4,"i":{"x":[1,1,1],"y":[1,1,1]},"o":{"x":[0,0,0],"y":[0,0,0]}},{"s":[36.294,36.294,100],"t":5,"i":{"x":[1,1,1],"y":[1,1,1]},"o":{"x":[0,0,0],"y":[0,0,0]}},{"s":[48.393,48.393,100],"t":6,"i":{"x":[1,1,1],"y":[1,1,1]},"o":{"x":[0,0,0],"y":[0,0,0]}},{"s":[61.267,61.267,100],"t":7,"i":{"x":[1,1,1],"y":[1,1,1]},"o":{"x":[0,0,0],"y":[0,0,0]}},{"s":[87.96,87.96,100],"t":9,"i":{"x":[1,1,1],"y":[1,1,1]},"o":{"x":[0,0,0],"y":[0,0,0]}},{"s":[100,100,100],"t":10,"i":{"x":[1,1,1],"y":[1,1,1]},"o":{"x":[0,0,0],"y":[0,0,0]}},{"s":[107.237,107.237,100],"t":11,"i":{"x":[1,1,1],"y":[1,1,1]},"o":{"x":[0,0,0],"y":[0,0,0]}},{"s":[111.392,111.392,100],"t":12,"i":{"x":[1,1,1],"y":[1,1,1]},"o":{"x":[0,0,0],"y":[0,0,0]}},{"s":[113.08,113.08,100],"t":13,"i":{"x":[1,1,1],"y":[1,1,1]},"o":{"x":[0,0,0],"y":[0,0,0]}},{"s":[112.952,112.952,100],"t":14,"i":{"x":[1,1,1],"y":[1,1,1]},"o":{"x":[0,0,0],"y":[0,0,0]}},{"s":[111.619,111.619,100],"t":15,"i":{"x":[1,1,1],"y":[1,1,1]},"o":{"x":[0,0,0],"y":[0,0,0]}},{"s":[109.607,109.607,100],"t":16,"i":{"x":[1,1,1],"y":[1,1,1]},"o":{"x":[0,0,0],"y":[0,0,0]}},{"s":[107.333,107.333,100],"t":17,"i":{"x":[1,1,1],"y":[1,1,1]},"o":{"x":[0,0,0],"y":[0,0,0]}},{"s":[105.102,105.102,100],"t":18,"i":{"x":[1,1,1],"y":[1,1,1]},"o":{"x":[0,0,0],"y":[0,0,0]}},{"s":[103.116,103.116,100],"t":19,"i":{"x":[1,1,1],"y":[1,1,1]},"o":{"x":[0,0,0],"y":[0,0,0]}},{"s":[101.484,101.484,100],"t":20,"i":{"x":[1,1,1],"y":[1,1,1]},"o":{"x":[0,0,0],"y":[0,0,0]}},{"s":[100.248,100.248,100],"t":21,"i":{"x":[1,1,1],"y":[1,1,1]},"o":{"x":[0,0,0],"y":[0,0,0]}},{"s":[99.395,99.395,100],"t":22,"i":{"x":[1,1,1],"y":[1,1,1]},"o":{"x":[0,0,0],"y":[0,0,0]}},{"s":[98.882,98.882,100],"t":23,"i":{"x":[1,1,1],"y":[1,1,1]},"o":{"x":[0,0,0],"y":[0,0,0]}},{"s":[98.645,98.645,100],"t":24,"i":{"x":[1,1,1],"y":[1,1,1]},"o":{"x":[0,0,0],"y":[0,0,0]}},{"s":[98.617,98.617,100],"t":25,"i":{"x":[1,1,1],"y":[1,1,1]},"o":{"x":[0,0,0],"y":[0,0,0]}},{"s":[98.732,98.732,100],"t":26,"i":{"x":[1,1,1],"y":[1,1,1]},"o":{"x":[0,0,0],"y":[0,0,0]}},{"s":[98.93,98.93,100],"t":27,"i":{"x":[1,1,1],"y":[1,1,1]},"o":{"x":[0,0,0],"y":[0,0,0]}},{"s":[99.167,99.167,100],"t":28,"i":{"x":[1,1,1],"y":[1,1,1]},"o":{"x":[0,0,0],"y":[0,0,0]}},{"s":[99.405,99.405,100],"t":29,"i":{"x":[1,1,1],"y":[1,1,1]},"o":{"x":[0,0,0],"y":[0,0,0]}},{"s":[99.622,99.622,100],"t":30,"i":{"x":[1,1,1],"y":[1,1,1]},"o":{"x":[0,0,0],"y":[0,0,0]}},{"s":[99.804,99.804,100],"t":31,"i":{"x":[1,1,1],"y":[1,1,1]},"o":{"x":[0,0,0],"y":[0,0,0]}},{"s":[99.945,99.945,100],"t":32,"i":{"x":[1,1,1],"y":[1,1,1]},"o":{"x":[0,0,0],"y":[0,0,0]}},{"s":[100.045,100.045,100],"t":33,"i":{"x":[1,1,1],"y":[1,1,1]},"o":{"x":[0,0,0],"y":[0,0,0]}},{"s":[100.139,100.139,100],"t":35,"i":{"x":[1,1,1],"y":[1,1,1]},"o":{"x":[0,0,0],"y":[0,0,0]}},{"s":[100.045,100.045,100],"t":41,"i":{"x":[1,1,1],"y":[1,1,1]},"o":{"x":[0,0,0],"y":[0,0,0]}}],"l":2}},"ao":0,"ef":[{"ty":5,"nm":"Elastic Controller","np":5,"mn":"Pseudo/MDS Elastic Controller","ix":1,"en":1,"ef":[{"ty":0,"nm":"Amplitude","mn":"Pseudo/MDS Elastic Controller-0001","ix":1,"v":{"a":0,"k":20,"ix":1}},{"ty":0,"nm":"Frequency","mn":"Pseudo/MDS Elastic Controller-0002","ix":2,"v":{"a":0,"k":40,"ix":2}},{"ty":0,"nm":"Decay","mn":"Pseudo/MDS Elastic Controller-0003","ix":3,"v":{"a":0,"k":60,"ix":3}}]}],"shapes":[{"ty":"gr","it":[{"d":1,"ty":"el","s":{"a":0,"k":[361.595,361.595],"ix":2},"p":{"a":0,"k":[0,0],"ix":3},"nm":"Ellipse Path 1","mn":"ADBE Vector Shape - Ellipse","hd":false},{"ty":"gf","o":{"a":0,"k":100,"ix":10},"r":1,"bm":0,"g":{"p":3,"k":{"a":0,"k":[0,0.961,0.973,1,0.5,0.794,0.88,1,1,0.627,0.788,1],"ix":9}},"s":{"a":0,"k":[-0.056,-181.607],"ix":5},"e":{"a":0,"k":[-0.056,179.988],"ix":6},"t":1,"nm":"Gradient Fill 1","mn":"ADBE Vector Graphic - G-Fill","hd":false},{"ty":"tr","p":{"a":0,"k":[0,0],"ix":2},"a":{"a":0,"k":[0,0],"ix":1},"s":{"a":0,"k":[100,100],"ix":3},"r":{"a":0,"k":0,"ix":6},"o":{"a":0,"k":100,"ix":7},"sk":{"a":0,"k":0,"ix":4},"sa":{"a":0,"k":0,"ix":5},"nm":"Transform"}],"nm":"Bg","np":2,"cix":2,"bm":0,"ix":1,"mn":"ADBE Vector Group","hd":false}],"ip":0,"op":300,"st":0,"ct":1,"bm":0}],"markers":[]}